capacidade_bateria,bluetooth,velocidade_clock,memoria,nucleos,resolucao_camera,ram,tempo_chamada,touch_screen,wifi,faixa_valores
842,0,22,7,2,2,2549,19,0,1,1
1021,1,5,53,3,6,2631,7,1,0,2
563,1,5,41,5,6,2603,9,1,0,2
615,1,25,10,6,9,2769,11,0,0,2
1821,1,12,44,2,14,1411,15,1,0,1
1859,0,5,22,1,7,1067,10,0,0,1
1821,0,17,10,8,10,3220,18,0,1,3
1954,0,5,24,4,0,700,5,1,1,0
1445,1,5,53,7,14,1099,20,0,0,0
509,1,6,9,5,15,513,12,0,0,0
769,1,29,9,5,1,3946,7,0,0,3
1520,1,22,33,8,18,3826,13,1,1,3
1815,0,28,33,4,17,1482,2,0,0,1
803,1,21,17,4,11,2680,4,0,1,2
1866,0,5,52,1,17,373,3,0,1,0
775,0,10,46,2,16,568,11,1,1,0
838,0,5,13,8,4,3554,19,0,1,3
595,0,9,23,3,17,3752,18,1,0,3
1131,1,5,49,5,18,1835,16,1,0,1
682,1,5,19,4,11,2337,18,1,1,1
772,0,11,39,7,14,2819,3,1,0,3
1709,1,21,13,2,2,3283,15,0,0,3
1949,0,26,47,4,7,1433,20,0,1,1
1602,1,28,38,3,20,1037,20,0,0,0
503,0,12,8,3,13,2583,12,0,0,1
961,1,14,57,8,3,2782,7,1,1,2
519,1,16,51,4,19,3763,4,0,1,3
956,0,5,41,7,6,3286,12,1,0,3
1453,0,16,52,2,18,2373,10,1,1,2
851,0,5,21,5,7,478,10,0,1,0
1579,1,5,5,7,9,3532,12,0,1,3
1568,1,5,33,8,20,508,6,1,1,0
1319,1,9,41,1,18,2227,3,1,1,1
1310,1,22,51,4,0,3845,12,1,0,3
644,1,27,22,8,3,1262,15,0,0,0
725,0,13,60,8,17,1326,15,0,0,1
589,1,23,61,4,10,2113,2,0,1,1
1725,1,16,6,2,18,3429,4,1,0,3
790,0,20,11,6,17,3169,2,0,1,2
560,0,5,50,2,20,2150,11,1,0,2
1347,0,29,44,1,14,2484,11,0,1,2
1646,1,23,41,2,10,3339,19,1,0,3
1253,1,5,5,2,19,1878,4,1,0,1
1656,0,10,34,3,7,1629,14,1,0,1
1195,1,28,20,2,14,504,12,1,0,0
1514,0,29,27,3,1,1152,20,1,1,1
1723,1,11,42,8,14,3587,3,0,0,3
1054,1,18,40,7,10,2296,12,0,1,1
578,1,26,57,8,8,1270,5,0,1,0
596,0,21,64,8,15,3238,10,0,0,3
1547,1,30,14,3,19,2059,15,0,1,2
1760,0,14,63,8,19,2053,16,1,0,2
1654,1,15,43,2,0,3112,10,1,0,3
1457,0,19,16,3,10,1440,12,0,1,1
1073,1,5,51,7,0,2908,18,1,0,2
1936,0,21,46,3,20,2552,13,0,0,2
823,1,27,60,8,19,905,17,1,1,0
987,0,13,61,3,9,3963,20,0,1,3
1757,0,5,49,6,14,2056,4,0,0,1
1063,0,14,48,5,4,2910,9,1,1,2
1484,0,30,12,3,5,1457,20,1,0,1
799,1,23,63,8,6,431,6,1,1,0
1156,1,12,50,2,0,470,15,1,0,0
1720,0,20,55,2,18,2148,5,1,1,2
702,0,26,9,3,3,2955,19,0,0,2
616,0,19,44,3,17,3366,13,1,0,3
1358,1,5,36,4,14,3068,4,1,0,3
1866,0,14,30,3,0,3834,8,0,0,3
1242,0,11,10,2,1,1050,4,0,1,0
1166,0,15,43,4,1,3993,7,1,0,3
1448,1,5,45,7,11,3378,2,1,1,3
1407,1,24,22,4,4,2192,13,0,1,2
605,0,10,9,3,16,392,4,0,0,0
1038,0,12,43,1,5,3709,12,1,1,3
797,1,29,38,4,6,590,6,1,0,0
819,0,6,42,6,20,1814,13,0,1,1
1114,0,28,9,3,15,907,17,1,0,0
1234,1,16,33,1,3,1449,6,0,1,0
1199,1,25,16,4,20,3448,10,0,1,3
1103,0,10,29,6,8,1837,16,1,1,1
1589,1,6,58,7,7,3464,6,1,1,3
999,0,29,64,4,19,2593,16,1,0,2
1510,1,9,45,5,3,3484,11,1,1,3
1008,0,8,61,3,15,2009,11,0,0,1
1127,1,29,57,1,13,2048,17,1,1,1
1412,1,24,25,8,17,837,4,0,1,1
1496,1,20,42,5,5,854,7,1,1,0
1083,1,29,64,3,11,3210,4,0,0,3
668,0,5,3,5,13,2746,8,1,1,2
1309,0,11,33,4,14,2334,11,0,1,2
1724,0,20,57,3,5,2822,16,1,0,3
1977,1,20,54,7,18,1971,14,1,0,2
885,0,23,15,7,0,1410,5,1,1,0
879,1,25,14,6,15,349,2,0,1,0
1322,0,17,7,3,9,1418,12,1,0,1
1137,1,10,7,3,19,3616,12,1,1,3
1355,0,23,23,5,16,880,8,1,0,0
1665,1,5,60,6,18,1601,14,0,0,2
657,0,25,37,2,1,1412,18,1,0,0
593,0,5,31,7,7,1692,7,0,0,1
1883,1,5,10,6,13,2600,20,0,0,3
1732,1,11,12,8,9,1308,11,0,1,1
543,0,5,57,5,4,2413,15,0,0,1
1939,1,28,55,4,10,1047,18,1,0,0
553,0,24,8,7,3,1204,8,1,1,0
832,0,7,39,4,3,1799,11,0,1,1
1661,0,19,23,5,10,2676,11,1,1,3
1657,1,24,42,5,16,2597,14,0,0,3
1135,1,20,46,1,4,3029,9,1,1,3
1775,1,15,41,1,7,2343,14,1,1,3
783,0,18,43,3,4,2016,18,1,0,1
617,1,23,32,7,20,2213,7,0,0,1
867,0,14,4,6,1,790,3,1,0,0
1310,1,11,7,5,14,3182,5,1,0,2
1804,0,5,22,7,19,3472,20,0,1,3
1900,1,23,18,7,9,2871,13,1,1,3
909,1,14,53,8,0,3187,4,0,0,2
1084,1,26,40,3,11,1945,10,1,0,1
1308,0,13,46,1,12,488,9,1,0,0
1778,0,5,15,3,0,1214,14,0,0,1
1701,1,16,10,8,7,2598,6,1,0,2
772,1,24,10,4,2,3242,4,1,0,3
825,1,5,52,3,10,3534,6,1,0,3
1379,0,11,36,2,7,3426,17,1,1,3
1166,0,20,25,5,4,2488,15,0,0,2
1659,0,28,16,1,20,3255,9,0,1,3
826,1,24,58,4,1,2863,18,0,1,2
1564,0,23,25,6,17,1496,7,1,1,1
1957,0,9,31,3,16,3801,7,0,1,3
1571,0,14,19,6,1,666,13,1,0,0
1414,0,20,54,7,3,3799,7,0,1,3
1790,0,25,2,1,14,1366,20,1,1,1
645,0,5,41,7,10,2962,4,1,1,2
668,0,29,30,8,12,2399,7,1,1,1
1652,1,11,36,4,5,2338,20,0,0,2
1213,1,5,16,5,0,2700,9,0,1,2
1272,1,25,22,6,8,2235,4,0,0,1
866,0,5,46,8,7,3825,2,1,1,3
536,0,24,3,7,14,284,4,1,0,0
523,0,26,14,8,2,1427,9,1,0,0
1753,0,5,31,1,18,1324,17,0,1,2
1218,0,18,14,3,4,398,5,0,0,0
1537,1,25,43,1,5,3685,17,1,1,3
786,0,22,33,7,6,2390,5,0,1,2
1678,0,21,64,3,11,278,10,1,0,0
1814,0,14,9,2,2,3556,16,0,0,3
1101,0,18,31,2,7,2196,19,1,1,1
1461,0,24,40,7,4,3799,4,0,0,3
1216,0,30,47,3,7,2268,4,1,1,2
506,0,16,41,1,7,2965,15,0,0,2
843,1,5,56,5,17,2341,20,1,1,1
742,0,22,56,7,14,3557,12,1,1,3
1692,1,21,61,6,12,1354,19,0,0,1
1485,0,10,32,2,9,2147,11,1,0,2
1547,0,29,45,2,8,505,3,1,1,0
1692,0,23,46,1,6,1394,6,1,0,1
637,0,23,60,4,4,374,8,0,1,0
1224,0,5,6,6,18,506,11,1,1,0
1356,0,28,29,6,0,3702,19,0,0,3
1840,0,5,34,1,16,1078,10,0,0,1
1481,1,7,37,5,13,2945,16,1,1,2
961,1,15,51,6,16,2981,7,1,1,2
1296,0,9,14,5,3,490,4,1,1,0
1193,0,9,26,1,20,536,4,0,1,0
1441,0,21,3,8,17,2317,7,0,1,2
517,0,14,33,4,8,3704,11,0,1,3
748,1,17,27,8,4,2126,7,0,0,1
1126,1,24,10,6,3,2050,12,1,1,2
1572,0,6,58,7,8,2462,10,0,0,3
1569,0,28,44,4,20,1260,17,0,0,1
1270,1,6,32,7,6,3770,13,1,0,3
1854,0,30,8,5,5,1886,20,1,0,1
625,1,12,10,4,8,3323,7,1,1,2
1577,0,5,42,5,4,2060,12,0,0,2
534,0,5,16,5,1,3926,20,0,0,3
946,0,17,25,6,15,2177,13,1,1,2
685,0,5,29,7,10,728,4,0,1,0
1949,0,13,23,5,1,2478,20,0,0,3
947,0,8,22,2,13,2842,2,0,0,2
801,1,22,63,7,4,1617,19,0,1,1
703,1,27,30,1,20,1472,7,0,0,0
1165,1,24,41,6,12,764,15,0,0,0
1082,0,8,38,8,5,2337,17,1,1,2
959,1,26,20,4,19,3965,6,0,0,3
1502,1,12,54,5,12,3693,16,1,0,3
1380,1,21,4,3,13,797,15,1,0,0
1266,0,5,5,6,9,1687,18,0,0,2
1934,1,26,46,1,17,2940,2,1,1,3
1905,1,5,6,1,5,1545,10,1,0,1
1831,0,14,43,5,5,3834,13,1,1,3
596,0,14,46,1,18,2505,15,1,0,1
1562,1,13,7,5,15,2243,6,0,0,2
1490,1,5,64,8,8,3600,7,1,1,3
1523,1,24,57,2,6,3971,10,1,1,3
640,0,6,20,4,15,2844,18,1,0,2
1526,0,21,23,7,8,2227,3,1,0,2
1989,0,25,41,3,13,1665,12,1,1,2
1308,0,19,61,3,7,3355,4,0,1,3
609,0,5,26,4,4,1866,14,1,1,1
1905,0,6,36,3,20,1287,16,0,0,1
1703,1,5,22,1,0,1046,13,0,1,0
1445,1,24,20,7,15,1441,13,1,1,1
1087,0,13,16,3,9,690,6,0,1,0
671,0,9,30,7,17,2504,15,0,0,2
1472,1,23,61,6,19,2677,8,0,0,2
765,0,5,47,8,1,2243,4,0,1,2
1642,0,5,8,6,17,2984,17,0,1,2
1265,0,15,49,5,16,1362,12,0,1,1
664,1,11,51,7,4,3629,6,1,1,3
1277,1,5,35,6,6,3559,6,1,0,3
1395,0,18,23,3,1,2571,13,0,1,2
1539,1,26,41,8,0,2107,10,0,1,2
1049,1,22,63,5,17,1022,13,0,0,0
1827,0,17,39,5,16,2844,10,1,0,2
903,0,10,50,1,0,711,10,1,0,0
1987,1,5,53,3,7,3117,8,1,1,3
1154,0,12,49,8,2,978,7,0,1,0
1336,0,9,17,5,9,1869,16,1,1,1
1886,0,5,24,3,1,1179,20,0,1,1
1551,0,11,51,5,6,3844,4,1,0,3
850,1,16,29,5,19,593,10,0,1,0
660,0,5,40,2,10,588,18,1,1,0
1225,1,21,13,4,12,3836,11,0,0,3
1452,1,5,25,6,11,2669,13,0,0,2
1686,1,28,38,4,4,2958,2,0,0,3
1634,1,14,17,2,5,3031,6,1,1,3
1708,1,24,49,1,19,3388,16,1,1,3
1151,1,29,31,8,1,2377,13,1,0,2
1578,0,19,37,4,19,2458,3,0,1,2
1689,0,18,24,3,18,2766,7,1,1,3
1488,0,5,39,5,6,3054,19,0,0,3
1313,1,18,9,1,6,3791,6,1,1,3
1715,0,10,31,8,17,625,13,0,0,0
1442,0,10,27,3,19,2227,20,1,0,1
528,0,17,6,2,15,3256,6,1,0,2
1523,1,18,11,1,8,707,19,1,0,0
1133,0,14,42,5,12,1457,20,0,1,1
1718,1,25,6,5,16,3755,8,1,1,3
1330,0,5,38,7,1,1733,11,0,1,1
1799,1,5,49,4,2,720,11,1,1,0
633,1,22,49,8,1,3560,16,1,1,2
724,0,27,44,7,0,2311,7,0,0,2
822,1,5,51,6,20,3846,3,0,0,3
1918,0,19,10,5,10,1717,16,1,1,2
1891,0,28,37,7,14,3704,11,0,0,3
1373,1,10,50,7,12,3800,14,0,0,3
862,1,8,23,2,15,278,11,0,1,0
1273,0,10,48,4,15,1767,11,1,0,1
957,1,25,7,5,10,1846,7,0,1,1
1617,1,13,30,2,4,829,10,0,0,0
893,0,25,55,2,1,2986,6,1,1,2
1210,0,5,63,5,0,2394,7,0,0,2
708,1,27,63,8,7,2169,7,1,1,1
835,0,11,7,4,7,1181,15,1,1,0
1450,1,27,19,1,17,575,12,0,0,0
973,1,15,57,7,16,2977,2,0,0,2
601,1,14,4,4,13,532,10,1,1,0
507,1,5,32,7,11,1702,5,1,1,1
564,0,18,51,3,1,1074,15,1,0,0
1559,1,16,6,6,17,3352,3,1,1,3
754,0,5,59,7,10,1027,5,0,0,1
728,0,27,25,4,1,2039,12,1,1,1
1431,1,5,56,1,1,461,8,0,0,0
767,0,15,28,4,10,527,15,1,0,0
1722,0,26,18,2,16,3271,15,0,1,3
1992,1,16,57,2,15,606,4,1,1,1
1876,0,5,40,6,14,2513,16,1,0,3
1054,0,11,38,6,12,1675,14,1,1,1
1283,1,16,47,5,5,2698,17,1,0,2
1281,1,23,28,1,6,1129,6,1,0,1
1066,0,6,7,7,18,468,6,1,0,0
730,0,21,4,8,2,1210,4,1,1,0
1053,1,8,45,1,12,3086,5,1,1,3
1611,1,5,3,3,14,1595,9,0,1,1
793,0,10,30,2,15,2332,14,1,1,2
1220,0,29,62,4,8,2589,15,1,1,2
1662,0,5,61,4,13,3760,13,1,1,3
1281,1,28,8,4,19,1851,9,1,0,1
538,0,8,2,7,13,417,9,0,1,0
823,1,5,39,8,4,294,11,0,1,0
1733,1,28,36,6,20,3576,9,0,0,3
1429,0,15,40,3,14,3945,18,0,1,3
1839,1,12,54,7,11,927,18,0,1,1
659,0,27,6,3,7,2044,2,0,1,1
1953,1,21,56,8,9,2334,4,0,0,2
1172,0,19,27,1,3,1477,6,0,0,1
612,1,19,16,7,7,3161,3,0,0,3
1563,0,24,24,8,0,3660,5,1,0,3
1191,0,13,26,1,20,1604,9,0,1,1
615,1,5,42,6,4,2211,18,0,1,1
1893,1,21,63,2,11,3822,18,1,1,3
1563,0,17,16,7,13,3922,8,0,1,3
1995,1,19,9,6,18,1203,18,1,1,2
1517,0,5,48,5,14,2822,11,1,1,3
832,0,16,34,5,5,447,12,1,0,0
1162,0,20,56,7,1,1652,20,0,0,1
1595,1,26,12,8,19,3608,16,1,0,3
1329,1,10,52,6,2,1228,6,0,1,1
928,1,5,56,8,13,666,5,1,0,0
1656,1,5,38,7,17,1499,19,0,1,1
1937,1,17,58,1,19,3321,14,1,0,3
977,1,11,57,6,7,1206,8,1,1,0
768,1,9,56,1,20,952,16,0,1,0
1464,1,5,12,2,14,3927,15,1,1,3
1177,0,9,29,2,8,311,19,0,0,0
1348,0,20,52,3,20,955,7,1,1,1
1956,0,22,37,3,2,1109,19,1,0,1
1751,0,5,8,6,20,2969,17,0,1,2
1530,0,20,42,6,13,725,19,0,1,0
1997,1,18,40,4,8,1655,15,0,0,2
1414,1,15,44,2,6,3490,13,1,0,3
1707,0,14,41,7,2,1774,10,0,0,2
894,0,5,50,3,14,3615,6,0,1,3
645,0,12,41,8,17,714,13,1,0,0
1163,0,28,49,2,0,2768,12,0,1,2
1126,0,7,49,8,17,3739,13,0,0,3
1648,0,7,64,4,9,610,6,1,0,1
1170,1,9,14,2,13,715,20,0,1,0
508,0,8,42,1,8,663,7,0,0,0
1097,0,21,64,3,8,1725,9,0,1,1
728,0,17,5,2,20,834,5,1,0,0
1980,0,5,29,1,13,3865,18,0,0,3
1504,0,23,64,1,2,3059,10,1,0,3
1379,1,21,63,1,17,651,7,1,0,0
1698,0,21,18,6,20,796,14,0,1,0
920,0,21,25,7,14,785,5,1,1,0
1144,1,15,21,1,11,3252,8,0,0,2
1995,1,5,26,1,15,1322,7,1,1,1
1430,0,5,27,1,16,2832,15,1,1,2
972,1,5,13,5,8,1615,13,1,0,1
662,0,5,20,1,10,2125,15,1,1,1
1867,0,23,9,6,3,990,2,0,1,1
1730,0,20,20,4,10,1595,12,1,0,1
1723,1,10,7,3,17,1213,16,1,1,1
1882,1,13,47,2,13,2500,11,0,1,2
803,0,8,18,4,1,2801,12,1,0,2
580,1,12,47,3,1,3451,11,1,0,3
668,0,23,48,1,19,1201,4,1,0,0
1391,0,14,36,1,6,3139,14,1,0,2
1560,0,23,22,7,1,1938,16,1,1,2
821,0,18,54,3,9,3185,15,0,0,2
811,1,24,2,6,13,2111,2,0,1,1
1989,1,29,17,8,15,2369,18,1,0,2
1034,1,27,37,7,20,3625,12,1,1,3
618,0,21,6,1,4,1051,15,0,1,0
654,1,13,52,4,4,1036,13,0,0,1
576,1,28,10,5,7,2938,5,1,1,2
667,1,6,3,6,13,2855,19,0,1,2
869,1,10,57,1,15,2727,8,0,0,2
635,1,5,42,3,4,2973,18,0,1,2
609,1,30,44,1,16,2581,15,0,1,1
1557,0,28,2,5,20,2690,9,0,1,3
1604,1,17,33,8,5,916,12,1,1,0
1182,0,5,8,8,16,2563,19,0,0,2
848,1,21,19,7,18,3359,14,0,0,2
1610,1,29,64,4,12,941,9,1,0,1
1828,1,21,17,1,1,2280,4,0,0,2
880,0,20,50,7,3,827,6,0,1,0
1394,1,9,62,5,13,473,20,1,0,0
1960,1,23,61,7,3,3865,11,0,0,3
809,0,8,21,7,19,1274,3,0,0,1
899,0,5,57,2,18,364,7,1,0,0
1976,1,7,32,2,7,3699,13,1,1,3
879,0,15,21,4,2,2927,11,0,1,2
916,1,26,36,4,12,1470,14,1,0,0
763,0,17,2,8,14,1050,8,1,0,0
508,0,16,9,6,2,2616,10,1,1,2
825,0,29,34,8,17,2915,10,1,0,3
1864,0,14,46,1,12,2686,18,1,1,2
1725,0,5,52,6,12,1243,5,1,1,1
1108,1,29,52,2,12,3264,13,1,1,3
1011,0,11,36,7,18,2261,16,1,1,1
1703,1,15,55,5,19,2993,20,1,1,3
1067,1,17,58,7,0,706,16,1,0,0
1334,1,24,42,5,14,2542,8,0,0,3
775,1,26,30,7,10,2523,9,0,1,2
1899,1,6,26,2,0,336,4,0,1,0
930,1,13,14,6,10,2457,17,1,0,1
1058,0,15,19,4,14,418,16,0,1,0
1187,1,22,46,2,9,3917,8,0,1,3
1874,1,27,8,7,13,1246,2,0,1,1
1482,0,5,48,7,10,2971,12,1,1,2
1809,1,17,59,3,4,2324,16,0,1,2
864,1,30,54,2,1,3121,16,1,1,2
625,1,19,33,1,20,3801,2,0,0,2
1880,1,18,18,3,5,3333,7,0,0,3
1138,0,14,44,8,17,3475,3,0,0,3
560,0,5,23,8,15,2360,18,1,1,1
1117,0,5,12,7,8,2895,16,1,0,2
1712,0,14,63,7,12,3652,19,0,0,3
1836,1,17,26,6,16,3097,18,1,0,3
1036,1,24,39,7,3,2101,2,1,0,1
1860,1,23,23,4,16,3918,8,1,0,3
1375,1,11,9,7,19,3869,10,1,1,3
1945,0,16,57,4,1,732,14,1,0,1
1896,0,5,7,2,13,3684,18,0,0,3
788,0,25,57,8,12,3969,6,1,1,3
880,1,17,33,2,2,1414,7,1,0,0
1323,1,25,28,4,12,1892,15,1,1,1
1868,0,20,42,1,4,3131,7,1,1,3
1266,0,19,7,3,12,2532,4,1,1,2
1042,0,27,50,7,18,3215,20,1,1,3
1479,0,5,19,3,10,3323,6,0,1,3
1476,1,12,55,4,5,1529,3,0,1,2
1552,1,22,13,6,9,2403,9,1,1,2
1454,1,5,34,4,3,3419,5,1,0,3
1007,0,20,45,5,2,3648,16,0,0,3
652,1,24,17,5,11,1974,12,0,0,0
1504,0,15,34,8,15,2806,7,0,1,2
1726,1,9,51,4,3,2239,13,0,1,2
1029,1,19,5,5,8,582,4,1,1,0
1582,0,28,44,6,13,3890,10,1,1,3
1478,1,8,48,5,17,1141,6,0,1,1
1178,1,13,49,5,0,2511,17,0,0,2
707,0,21,25,3,17,3838,7,0,1,3
755,1,28,51,4,12,2734,16,0,1,2
912,1,20,54,8,5,2330,20,1,0,1
651,1,8,63,5,4,2244,19,1,0,1
1483,0,21,54,7,2,1851,2,1,0,1
914,1,9,4,2,12,808,5,1,0,0
1456,1,5,7,5,12,1587,20,0,1,1
1178,0,22,57,3,17,2492,10,1,0,2
1503,1,7,43,4,14,2122,2,0,0,2
1681,1,25,11,2,13,1122,16,1,1,0
715,0,23,48,4,6,3709,10,0,0,2
1876,0,28,56,3,4,3021,18,0,0,2
1190,1,22,47,6,10,624,19,1,1,0
1755,1,13,24,7,2,3937,7,0,1,3
1197,0,13,20,6,7,1797,4,1,1,1
1048,1,9,28,2,19,1458,15,0,1,1
1887,1,30,17,8,7,3348,16,1,0,3
1772,1,5,64,8,15,1834,20,1,1,1
1421,0,28,57,1,2,2775,14,0,1,3
1464,0,5,17,6,8,1277,19,0,0,1
728,0,23,23,4,5,457,16,1,1,0
954,1,5,50,2,11,438,2,0,0,0
685,0,5,13,7,15,3210,2,1,1,3
1472,0,28,36,6,10,985,7,1,0,1
853,1,20,3,2,16,3701,8,1,0,3
1469,0,21,8,7,0,1052,3,1,0,0
1310,1,23,57,8,9,1175,8,0,0,0
1654,0,18,11,7,2,1070,14,1,1,1
902,1,7,3,7,9,3411,15,0,1,3
1448,0,14,26,3,16,1175,6,1,0,1
1631,0,9,3,7,12,301,13,0,0,0
1608,0,18,28,2,13,489,8,0,1,0
1991,1,27,64,2,13,1733,8,1,0,2
1349,0,20,62,5,16,2756,4,0,0,2
1589,0,25,51,1,18,2612,16,0,0,2
1844,1,23,51,8,3,1724,14,1,1,1
712,1,5,35,2,10,2190,4,1,1,1
972,1,17,54,3,4,1900,19,0,1,1
1406,0,5,34,3,5,3915,2,0,1,3
1289,0,9,25,6,12,1043,11,1,0,0
932,0,13,64,7,2,3817,9,1,1,3
1747,1,9,48,3,19,2362,19,1,0,2
1172,1,21,41,3,7,1107,5,0,0,1
1128,1,14,53,5,14,2982,12,1,0,3
664,0,12,28,5,5,2042,19,1,0,1
513,1,5,44,4,12,1343,9,1,0,0
1742,0,23,43,7,12,2610,10,0,1,2
1512,1,17,6,7,17,2335,7,1,1,2
1986,0,5,51,8,20,1614,3,1,1,1
965,1,15,13,2,14,1138,10,1,0,0
1067,1,24,40,8,15,604,11,0,0,0
1583,1,16,42,3,10,3652,9,0,0,3
1653,0,5,37,4,6,3955,18,1,1,3
1433,0,16,4,8,11,258,4,1,1,0
765,0,29,18,7,0,1066,16,1,0,0
1845,1,5,61,1,12,1731,6,0,0,1
752,0,5,48,7,13,3860,16,0,0,3
1948,0,28,16,5,10,3630,17,1,0,3
1077,0,25,45,3,4,1965,6,1,0,1
932,1,5,60,4,2,1459,19,1,0,0
1968,0,9,22,3,7,2323,7,0,1,2
1122,0,12,2,4,14,3291,13,1,1,2
1588,0,5,61,1,13,3272,17,1,0,3
601,0,21,26,4,18,918,12,0,0,0
1615,0,5,15,4,16,3488,3,0,1,3
1589,1,22,58,4,4,3961,14,0,1,3
1417,1,27,56,6,4,590,6,0,1,0
1697,1,7,34,1,3,3701,8,1,0,3
1330,1,13,3,5,17,463,11,0,1,0
1476,0,5,43,2,2,3644,6,0,1,3
1579,1,15,27,6,18,1713,10,1,1,1
1277,0,30,41,4,3,429,14,1,1,0
1089,1,9,2,5,15,2765,10,0,1,2
1663,1,25,27,4,14,2084,18,0,0,2
1949,0,18,20,5,4,1125,9,0,0,1
1138,0,11,48,3,14,2048,18,1,1,2
685,0,27,17,6,20,1223,18,0,1,0
1889,0,28,31,1,10,3672,3,1,1,3
857,1,20,17,7,9,3100,13,1,0,2
1902,0,28,50,8,9,343,18,1,0,0
1225,1,24,15,5,0,1970,15,1,0,1
1066,0,16,39,5,17,2728,17,1,1,2
1554,1,5,5,3,12,3635,18,0,0,3
1337,0,5,31,2,20,2180,16,0,1,1
1926,1,17,33,3,2,2488,14,0,0,2
869,0,13,34,2,4,3864,11,0,0,3
1278,1,5,54,8,16,1155,20,0,1,0
1773,1,25,32,6,18,3566,13,0,1,3
1661,1,8,6,7,2,864,2,0,1,1
1438,0,22,32,7,6,869,9,1,1,0
1661,1,14,29,2,0,591,9,1,1,0
1846,1,6,19,1,2,1333,11,1,1,1
1260,1,20,23,7,10,2208,10,0,1,2
512,1,5,15,3,15,2610,15,1,1,2
581,0,22,59,5,6,2819,9,0,1,2
1872,1,23,44,3,15,1955,15,0,1,2
687,1,13,50,4,20,3416,8,1,0,3
1062,1,25,10,1,13,3803,16,0,1,3
1678,1,23,7,1,14,574,19,0,0,0
1417,1,5,45,4,19,2129,12,0,1,1
1074,0,24,9,6,14,1948,18,1,1,1
1832,0,7,2,7,6,2978,18,0,0,2
1039,0,13,12,8,0,1619,10,1,1,1
1059,0,24,61,3,18,3716,11,1,0,3
1606,0,14,57,4,4,3454,20,0,1,3
1928,1,18,19,3,20,3777,13,1,1,3
1875,1,5,55,1,17,2712,6,0,1,3
1128,1,11,46,8,10,1434,11,0,0,1
1748,0,17,14,3,7,3968,3,0,1,3
1413,0,5,51,5,11,3383,2,0,0,3
825,0,5,23,2,0,3278,2,0,1,3
1589,1,14,26,8,16,3970,18,0,1,3
535,1,5,54,8,15,2674,10,0,0,2
1780,1,5,27,4,11,2776,14,1,1,3
1671,0,6,61,2,11,2336,7,0,0,2
1821,0,9,12,1,18,2430,6,1,1,2
1076,1,26,38,6,8,891,9,1,0,0
532,1,8,8,5,10,728,8,1,0,0
777,1,26,30,5,17,3886,7,0,0,3
1217,1,5,17,4,13,1711,9,0,1,1
1656,1,16,16,7,2,2856,20,1,1,2
1185,0,19,31,8,7,2447,3,1,1,2
577,0,24,37,6,20,814,19,1,1,0
737,1,24,49,4,16,2951,10,1,0,2
704,0,22,53,6,6,3653,15,1,1,2
525,1,5,51,8,11,1891,12,1,0,1
504,1,5,16,1,9,701,15,0,1,0
793,0,12,38,4,7,3139,12,1,1,3
569,0,6,39,8,9,2811,7,0,1,1
1590,0,19,21,5,18,1701,4,0,1,1
707,0,5,16,2,0,1853,12,1,1,1
767,0,19,19,6,17,2445,6,1,1,1
1350,1,5,50,8,4,2287,8,1,0,1
1117,1,6,31,2,7,2003,14,1,1,2
641,1,11,7,1,3,3595,19,1,1,2
1002,0,8,35,2,4,1726,19,0,1,1
1408,1,21,45,5,14,3952,3,0,1,3
1900,1,20,41,8,6,850,4,1,1,1
726,0,29,43,8,0,1446,8,1,0,0
1544,0,23,45,8,20,1300,18,1,0,1
1454,1,16,21,4,10,719,10,1,1,0
1230,1,22,26,5,7,988,9,1,1,0
1552,0,12,53,8,18,2606,12,0,0,2
1519,0,21,32,1,10,2912,15,1,0,2
723,1,19,30,1,7,2339,17,1,1,2
1191,0,24,13,1,7,1028,8,1,1,0
1168,0,13,61,8,10,3173,17,0,1,3
1229,0,5,14,2,16,1667,17,0,1,1
1758,1,5,13,8,14,1897,15,0,0,2
1290,0,5,3,6,4,1214,15,1,1,1
574,0,28,38,6,17,3269,10,1,0,2
1271,1,5,32,7,15,445,14,0,1,0
1170,1,12,30,8,15,1073,8,1,0,0
1269,1,13,52,2,15,665,5,0,0,1
1288,0,28,50,2,20,3129,2,0,0,3
1366,1,7,34,2,9,3501,3,0,0,3
1572,1,8,8,5,8,3461,10,1,1,3
1627,0,9,32,6,16,3206,16,1,0,3
1701,1,5,46,2,15,3717,10,1,0,3
1900,1,5,55,1,1,3917,18,0,1,3
1974,0,10,24,7,13,861,6,0,1,0
1197,1,5,20,5,10,2885,14,1,1,2
587,1,23,6,1,16,2777,14,1,0,2
934,0,11,24,5,12,1017,9,0,1,0
1195,0,20,23,4,9,980,17,0,0,0
1853,1,10,23,1,15,2775,17,0,0,3
1164,0,10,19,8,18,3309,3,0,1,3
1512,1,5,18,3,17,3607,6,1,1,3
1232,0,29,24,5,17,1257,16,0,0,0
1813,1,6,5,3,8,759,14,1,0,0
946,1,26,5,3,20,3720,4,1,0,3
739,1,23,58,3,4,475,6,0,1,0
704,1,27,29,1,10,1122,10,1,1,0
1663,1,5,40,4,15,1336,15,0,0,1
1966,1,14,40,8,18,1185,20,1,0,2
1219,0,10,17,5,4,705,6,1,1,0
612,1,7,35,5,12,3169,6,0,0,2
1658,1,14,39,1,5,3483,15,0,1,3
1263,0,5,64,5,18,1183,17,0,1,1
1395,1,28,55,3,1,3373,16,1,0,3
621,1,27,54,4,20,2801,5,1,1,2
652,0,5,58,3,2,565,9,0,1,0
1175,0,6,25,2,12,3153,12,0,0,2
561,1,10,11,8,10,3421,5,1,1,2
1137,0,22,3,5,7,316,17,0,0,0
1835,1,23,11,7,13,448,14,0,0,0
1170,0,29,40,6,5,2366,2,1,1,1
1595,1,8,44,4,20,3881,9,0,1,3
1719,1,20,12,8,7,462,5,0,0,0
1770,0,23,7,7,6,1480,17,0,0,1
1312,0,5,28,2,0,1087,14,0,0,1
1878,0,15,56,5,13,2711,3,1,1,2
1871,1,20,20,7,14,2144,12,1,1,2
922,0,15,35,7,15,1165,4,1,1,0
1975,1,15,16,8,11,2998,13,1,0,2
1212,0,26,46,4,8,2249,4,1,1,2
1430,1,9,56,3,5,752,17,0,1,0
1958,1,19,4,2,3,1409,3,0,0,1
1836,1,21,30,7,15,3072,5,1,0,3
557,1,16,24,3,0,1305,3,0,1,0
539,1,6,21,7,14,3597,9,0,0,2
880,0,5,44,8,15,3132,6,1,1,2
1369,1,18,34,1,7,3856,18,1,1,3
1109,1,27,39,1,9,1524,7,1,1,1
843,0,18,16,5,6,3673,20,0,1,3
598,0,23,21,2,10,3293,7,0,1,2
972,1,27,5,4,2,3035,19,0,1,2
1944,1,5,36,6,18,584,13,1,0,1
1225,0,7,2,7,1,2675,15,1,0,2
644,1,13,30,1,16,2382,19,0,1,2
1919,0,15,48,4,6,1391,12,0,1,1
501,0,23,54,4,19,2346,2,0,1,1
1620,1,22,30,3,3,606,18,0,0,0
1227,1,11,34,3,3,1324,12,1,1,1
1359,1,5,58,6,3,1076,4,1,1,0
1914,0,7,35,8,2,643,8,0,1,1
1645,1,18,21,7,2,783,20,0,0,0
1063,1,11,26,5,2,3809,5,0,1,3
946,0,21,19,8,0,2104,16,1,0,1
1231,0,12,54,3,10,1762,6,1,0,1
1397,0,29,9,6,18,3137,11,1,1,3
701,1,7,15,3,11,1756,17,1,1,1
570,1,5,9,7,5,3663,14,0,0,3
1993,1,5,27,8,11,2437,9,0,0,2
955,0,5,43,5,8,1432,9,1,1,1
924,0,5,47,8,6,1620,12,0,0,1
600,0,5,14,5,2,1655,9,0,0,0
518,0,8,3,7,1,2832,8,0,1,2
1063,1,25,31,6,10,961,5,1,0,0
920,1,5,46,3,3,2608,2,0,1,2
1715,0,19,3,5,6,514,13,0,0,0
1841,1,13,14,8,8,2304,18,0,1,2
543,1,5,60,5,7,933,5,1,0,0
1762,1,27,25,1,14,1896,20,1,1,1
1112,1,5,53,4,16,3655,20,1,0,3
709,1,20,35,1,0,1973,16,1,1,1
1315,1,26,64,7,16,3278,13,0,0,2
1762,1,25,15,8,11,2183,11,1,0,2
1462,1,17,25,7,18,824,13,0,1,0
571,0,16,35,7,20,2598,8,1,0,1
666,1,5,54,3,13,1254,9,1,1,0
1994,0,15,7,8,7,3622,20,0,1,3
1583,1,21,14,7,16,1704,2,0,1,2
1778,0,14,45,4,17,1624,9,1,0,1
1926,1,11,50,6,17,3809,17,1,0,3
966,1,6,50,4,10,2574,5,0,1,2
568,0,20,36,3,4,950,9,0,0,0
1897,0,30,21,8,2,273,3,1,1,0
1695,0,5,46,3,9,446,15,1,1,1
1623,1,12,61,7,12,1510,17,1,0,2
914,1,5,26,4,0,1122,2,1,1,0
1721,1,5,33,4,5,707,5,1,1,0
890,1,22,44,8,13,751,3,0,0,0
600,0,5,48,3,7,3393,8,0,0,2
1677,0,18,11,6,8,3771,12,0,0,3
723,0,5,3,4,3,1851,16,0,0,1
638,0,17,27,4,17,2735,9,1,0,2
852,0,10,62,7,13,2253,7,1,0,1
1979,1,16,32,7,1,452,14,1,0,0
710,1,5,32,5,9,1419,18,1,0,0
1034,0,26,45,3,4,969,7,0,0,0
600,0,25,22,1,11,3441,5,0,0,2
1027,0,5,64,2,7,3786,12,0,0,3
1260,0,6,13,6,6,2710,8,1,0,2
1793,0,18,12,6,17,3533,15,1,1,3
675,0,23,60,5,15,1735,13,0,1,0
658,1,27,12,7,3,3587,20,0,0,3
1694,1,6,34,7,7,2298,2,1,0,2
804,1,8,41,1,13,2027,11,0,0,1
1713,0,25,27,7,3,2406,20,0,1,2
706,0,5,31,3,19,2419,4,0,1,1
1362,0,5,25,7,9,995,18,1,1,0
1527,0,27,60,5,14,2078,11,1,1,2
768,0,5,19,2,1,1145,7,0,1,0
1314,0,29,41,4,12,626,4,1,1,0
705,1,5,57,6,9,1509,18,1,1,1
1403,0,27,26,5,3,3371,9,0,1,3
1486,0,26,52,4,15,297,15,1,0,0
781,0,11,38,5,7,3508,5,0,1,3
986,1,15,23,8,3,2385,19,0,0,1
1310,0,14,33,1,14,1301,19,0,1,1
560,1,20,57,3,12,2167,7,0,1,1
1348,0,13,43,5,6,3914,8,0,1,3
1567,0,5,22,6,6,2312,18,0,0,2
1940,1,9,17,5,7,2297,8,1,0,2
1979,1,29,19,3,9,411,2,1,1,0
561,1,21,2,3,13,665,4,1,0,0
1717,1,13,62,1,3,3226,5,1,0,3
535,0,15,48,1,4,740,18,1,0,0
1413,0,5,39,5,12,3878,4,0,0,3
1358,0,25,20,7,0,3406,11,0,1,3
1519,0,29,30,7,8,2440,10,1,1,2
1254,0,12,50,5,6,3959,17,1,0,3
1591,1,22,49,6,7,3703,20,1,0,3
977,1,28,35,2,15,3714,10,1,1,3
1640,1,7,21,7,14,337,5,1,0,0
663,0,8,25,2,1,3176,2,0,1,2
1744,1,10,20,8,3,1205,14,0,0,1
1624,0,16,28,2,10,2473,2,0,0,2
1108,1,13,2,7,20,1229,4,1,0,0
1188,1,14,9,2,0,2896,16,0,1,3
817,0,13,11,3,11,2039,19,1,0,1
863,0,16,6,4,13,520,18,0,1,0
1397,0,24,3,3,15,1378,4,1,1,1
1108,0,10,49,5,12,3254,16,0,0,3
1068,0,20,37,7,13,1803,7,0,0,1
1702,1,23,52,2,15,2501,4,0,0,3
808,0,5,8,4,1,3762,12,0,1,3
1156,0,5,61,7,9,1796,13,1,1,1
1271,0,5,54,8,3,990,6,1,1,0
696,0,5,51,3,8,2630,9,0,1,1
1981,1,19,45,6,18,1380,13,1,0,1
614,0,17,58,7,2,3487,11,1,1,2
1590,0,6,7,3,17,1201,18,1,1,1
1945,0,16,21,3,10,3015,15,0,0,3
1135,1,28,43,1,11,3204,6,0,0,3
1049,0,6,2,6,10,433,6,0,0,0
1807,1,21,49,1,10,1906,13,1,1,2
984,1,5,42,7,17,898,13,1,0,0
720,1,14,61,7,8,2799,15,0,1,3
1536,0,8,13,7,20,2020,16,1,0,2
771,1,5,25,4,6,770,20,1,0,0
503,0,25,57,6,11,305,16,0,1,0
675,0,24,42,7,2,2953,13,1,0,2
1936,1,19,34,7,14,1671,9,0,1,1
1303,0,10,15,3,10,2574,14,1,1,2
1004,1,29,35,6,9,3772,18,1,1,3
1972,0,12,37,2,1,2870,17,0,0,3
1822,0,12,8,6,0,2577,8,1,0,2
1159,1,28,18,1,7,2246,3,1,0,1
1782,1,28,58,1,13,2405,16,0,1,2
894,0,21,16,8,20,3377,6,1,1,2
1884,0,21,43,1,18,3619,7,1,1,3
1648,1,5,17,2,3,1184,2,0,1,1
798,0,24,4,3,9,2965,14,1,0,2
802,1,24,45,3,9,3713,8,0,0,3
1276,1,29,53,2,3,3798,8,1,1,3
1331,1,16,16,2,7,1026,20,0,1,1
1620,0,26,5,6,18,1086,13,0,0,1
1996,0,25,51,4,9,2236,12,0,1,2
1092,0,27,45,1,10,1303,20,1,1,1
1018,1,7,63,5,18,3048,2,0,1,2
545,0,5,11,3,1,616,19,1,1,0
554,1,13,12,6,10,3764,4,1,1,2
1264,0,29,34,3,3,419,3,1,1,0
1030,0,16,58,6,20,2858,18,1,1,3
1432,1,17,39,4,18,504,10,1,0,0
558,1,28,49,5,4,392,8,1,1,0
829,0,5,56,7,1,820,11,0,1,0
1741,1,18,14,8,0,3387,3,0,0,3
1849,1,23,15,5,19,3447,19,0,1,3
733,0,21,7,7,10,1403,2,1,0,0
1872,1,9,16,2,2,2295,16,0,1,2
1853,0,5,27,6,13,1973,8,0,1,2
1149,1,22,30,6,5,3755,8,0,0,3
891,0,5,25,2,19,2073,10,0,1,1
1911,1,20,64,8,8,3872,11,1,0,3
550,1,5,23,2,17,302,8,0,0,0
576,0,8,27,2,4,1519,8,0,1,1
1760,0,19,50,1,2,2549,4,1,0,2
969,0,24,45,7,0,404,19,0,1,0
1160,0,11,63,3,2,595,15,0,1,0
827,0,11,18,2,16,1663,17,1,1,0
1786,0,5,58,7,10,2764,7,1,1,3
774,1,6,8,1,4,2614,14,1,1,2
819,1,25,11,8,1,1094,15,0,0,0
1042,0,22,11,5,16,2826,2,0,0,2
1368,0,30,50,7,18,2496,5,1,1,2
1592,0,21,50,2,17,2103,7,0,0,1
1067,0,18,14,1,15,966,13,0,1,0
1892,1,7,47,4,10,2172,3,1,1,2
915,0,11,56,8,17,905,12,1,0,0
774,1,28,55,3,18,3916,12,1,0,3
1848,1,14,42,2,10,3902,3,0,1,3
1501,0,11,2,1,15,2487,16,1,1,2
1614,0,19,55,3,17,3914,13,0,0,3
911,1,29,46,5,1,363,17,1,0,0
1520,0,5,24,5,8,3233,4,0,1,3
1647,0,14,38,6,15,2532,15,0,1,2
1347,0,9,53,6,15,3836,14,0,1,3
967,1,16,25,8,9,3076,18,1,1,2
1442,0,22,56,5,3,1513,7,1,0,2
1204,1,26,10,7,3,1724,19,0,0,1
1320,0,21,41,7,2,542,14,1,0,0
1800,1,7,8,7,6,3481,8,0,1,3
1567,0,21,22,3,19,3991,10,0,0,3
1439,0,9,20,1,17,1790,15,0,1,1
1422,0,10,3,1,17,509,3,1,1,0
1591,1,22,52,3,16,282,14,1,1,0
880,0,17,6,4,19,3006,3,0,0,2
1929,1,5,19,6,2,1913,6,1,0,1
1642,1,16,5,5,2,1333,2,0,1,2
1511,0,25,21,3,18,3746,5,0,0,3
1312,0,13,10,2,9,3941,13,1,1,3
1852,0,14,10,1,18,3970,11,0,1,3
972,1,13,44,7,10,3925,7,1,0,3
691,1,27,33,4,8,424,15,1,1,0
807,0,5,8,5,20,1284,2,1,1,0
1113,0,6,25,1,10,277,12,0,1,0
721,1,13,16,1,18,1713,4,1,1,1
1188,1,15,54,6,2,485,7,1,0,0
1512,1,5,52,1,14,3002,7,0,1,2
805,1,7,64,4,14,418,17,1,1,0
918,0,9,8,7,5,1652,14,1,0,1
1320,0,5,48,5,16,2893,9,0,1,2
1236,0,9,57,1,14,1406,20,0,1,0
1387,0,5,61,3,0,629,11,1,0,0
1883,1,27,30,2,10,3724,20,1,1,3
839,0,20,14,7,3,3835,11,0,0,3
1593,1,10,52,8,0,1354,13,1,1,1
1722,1,10,25,6,19,2376,19,0,1,3
1954,0,6,7,3,9,3438,13,0,0,3
1788,1,5,2,6,20,2655,4,0,1,2
1628,0,5,33,6,8,3361,13,0,0,3
1965,0,5,4,7,9,3535,16,1,1,3
833,1,22,27,1,6,2150,7,1,1,1
571,0,6,43,3,8,2587,18,0,0,1
1808,1,5,31,2,16,2736,8,0,1,3
1860,0,5,55,6,3,676,4,0,1,0
1368,1,16,9,7,7,2941,17,1,0,3
1161,0,13,21,8,12,3336,14,0,1,3
1224,1,16,33,1,18,3796,13,1,0,3
902,1,6,63,5,14,3654,15,1,1,3
787,1,5,11,1,16,2934,14,0,1,2
854,0,5,30,8,5,2889,11,0,1,2
1184,0,15,48,1,6,3315,14,1,1,3
1973,0,16,39,4,6,1993,5,0,0,2
510,0,17,35,3,6,2509,11,1,1,1
966,0,20,34,2,10,3534,11,1,1,3
1438,1,18,16,8,7,2246,15,0,0,2
1986,0,5,51,3,9,3165,13,0,0,3
1907,0,20,55,7,15,286,17,0,1,0
1489,0,24,32,1,16,776,8,0,0,0
1843,1,18,16,6,18,3213,15,1,0,3
825,1,15,38,3,18,716,14,1,0,0
1286,1,23,16,2,18,424,4,1,0,0
840,0,6,63,7,19,3486,18,1,0,3
757,0,23,58,4,7,3237,9,0,1,2
814,1,11,41,2,10,1944,12,0,0,1
1195,1,11,8,6,6,643,19,0,0,0
767,0,8,10,4,12,2317,12,1,1,2
1068,0,13,52,8,7,1436,15,0,0,1
994,1,28,56,3,3,3190,20,1,1,2
1550,1,25,21,2,11,2338,15,1,0,2
1878,1,5,29,8,19,1334,2,0,0,1
623,0,20,6,3,4,3657,19,1,0,2
1829,1,5,15,5,7,2080,12,0,1,2
525,0,24,35,7,20,1609,3,0,0,0
1065,1,5,14,2,2,3078,18,0,1,2
1425,0,12,35,8,14,590,6,1,1,0
1296,0,14,11,7,4,2552,10,1,1,2
642,0,28,34,2,15,3355,13,0,0,2
1664,1,29,15,7,19,1968,9,0,0,2
1498,1,7,8,7,4,3358,19,0,0,3
981,1,19,2,3,7,1539,19,0,0,0
1236,1,28,32,4,18,942,14,1,1,0
1673,0,28,9,3,10,3669,10,0,1,3
712,1,16,9,2,14,3612,4,0,0,3
569,1,5,4,3,19,2351,10,1,0,1
603,1,7,64,6,0,604,8,1,1,0
1332,0,8,11,2,4,1285,9,1,0,1
1413,0,6,13,1,0,515,18,1,0,0
1064,0,29,34,6,13,654,6,0,0,0
1444,0,6,48,5,17,2540,15,1,1,3
1366,1,17,53,5,9,3869,14,0,1,3
906,0,21,18,2,11,3412,16,0,0,3
1554,0,27,47,5,12,509,19,0,0,0
1187,0,23,21,6,6,2547,5,1,0,2
1156,1,27,30,3,16,2735,13,0,1,2
1918,0,28,22,1,5,1369,6,1,1,1
841,1,5,39,6,13,2942,16,1,1,2
730,1,13,6,7,10,2812,17,0,0,2
878,1,13,31,4,18,3497,11,1,0,2
1059,0,5,50,8,1,619,18,1,1,0
1578,0,29,3,1,20,3483,16,0,0,3
1829,0,17,36,5,1,1475,7,0,0,1
1132,0,10,8,1,4,1950,6,1,1,1
1652,0,6,40,7,6,3592,6,0,0,3
912,0,5,58,5,1,3573,20,1,0,3
1181,0,23,61,2,16,2020,18,1,0,1
1497,1,7,32,3,9,1329,7,1,0,2
1790,1,23,49,3,11,3568,18,0,1,3
1742,1,16,49,1,9,1947,6,0,1,2
1549,1,5,8,5,7,1998,15,1,0,2
1372,1,27,34,4,17,725,20,0,0,0
1112,0,5,12,4,6,3302,20,1,1,3
1005,0,5,46,8,17,3884,20,1,1,3
783,1,17,27,6,11,1185,6,1,1,0
1698,0,25,26,2,18,1656,17,0,1,2
899,1,27,53,4,11,2870,10,0,1,2
1062,0,15,45,3,4,911,9,0,0,0
989,1,20,17,3,19,3892,19,1,0,3
1983,1,12,27,1,11,3897,10,1,1,3
1800,1,30,53,1,12,656,18,0,1,0
1254,0,17,45,3,3,606,2,1,1,1
868,0,17,30,4,0,1653,17,0,0,1
1205,0,5,12,4,6,860,14,0,1,0
1284,1,28,10,2,14,2197,9,1,1,1
626,0,7,23,2,9,3458,11,0,1,2
1763,0,29,53,4,20,2066,17,1,1,1
694,1,18,36,4,20,3676,5,0,1,3
1265,0,6,49,1,5,1518,8,0,1,1
816,1,5,14,3,13,1018,15,0,0,0
904,0,18,35,3,4,1360,11,0,0,0
979,0,5,5,7,2,3449,14,0,0,3
1531,0,20,60,6,1,2524,7,0,0,2
934,0,20,30,8,15,703,7,0,1,0
1624,1,26,58,3,11,1251,18,1,1,1
874,0,13,8,1,20,582,15,0,0,0
1027,1,22,63,5,4,1732,13,1,1,1
1966,0,8,48,1,16,1252,19,1,1,2
1048,1,15,29,1,4,2146,2,0,0,1
1496,1,19,38,4,14,1927,6,0,1,1
959,1,17,13,4,16,3328,10,1,1,2
1349,1,22,55,7,7,2462,17,0,1,2
1689,1,24,13,2,9,1172,17,1,1,0
1558,1,24,27,1,1,3598,12,0,1,3
582,0,5,27,3,10,2437,2,1,1,2
1485,0,28,44,4,14,3271,8,1,0,3
1991,1,18,9,3,12,1511,9,0,0,1
553,0,5,23,3,3,2981,14,0,0,2
1231,0,7,7,1,7,3119,15,1,0,3
805,0,8,34,6,2,3647,9,0,1,3
764,1,12,13,8,2,3148,6,1,0,2
894,0,9,54,3,15,2829,13,0,1,2
1589,0,26,46,3,16,2373,20,1,0,2
1456,0,16,39,8,10,3998,13,1,0,3
743,0,5,33,2,1,316,4,0,0,0
1061,1,21,52,7,4,999,9,1,0,0
1428,1,16,7,4,2,1808,13,1,0,1
674,1,28,8,3,0,589,4,1,0,0
832,0,11,46,6,0,3317,19,1,0,3
1625,1,5,50,8,17,670,8,0,0,0
907,0,14,42,1,16,584,6,0,0,0
1631,0,5,13,2,16,2173,8,1,0,2
1584,1,13,41,4,15,1561,17,0,1,1
1382,1,5,13,2,18,2073,9,0,1,1
633,1,14,46,6,10,1401,11,1,0,1
1444,1,21,38,7,16,3764,10,0,0,3
852,1,16,54,5,7,1275,12,0,1,0
922,1,7,47,8,14,1464,12,0,1,1
1745,0,15,57,3,16,2885,5,1,1,3
862,0,23,6,8,14,3458,9,1,1,3
1754,1,21,52,4,3,3019,19,0,1,3
1008,0,25,36,1,14,1083,6,0,0,1
1569,0,5,33,1,13,3538,15,0,1,3
1596,0,29,7,2,9,2493,13,1,1,2
1807,1,5,61,6,6,3726,15,0,0,3
1660,0,28,7,1,6,1531,7,0,0,1
1861,1,9,55,7,8,601,4,0,0,1
648,0,19,8,5,19,2991,4,0,1,2
1379,0,5,19,8,17,3912,19,1,1,3
1910,1,17,34,2,0,309,10,0,1,0
1807,0,20,13,8,0,323,3,1,1,0
1923,0,5,46,1,10,1489,3,1,1,1
1345,1,30,38,3,11,1322,15,0,0,1
904,0,16,14,8,9,1846,3,0,1,1
1239,0,12,52,2,10,417,6,0,1,0
1330,0,9,52,4,12,3269,8,1,0,3
516,1,7,30,1,12,3731,15,0,0,2
672,1,5,54,4,11,667,14,0,0,0
892,1,5,47,1,18,1241,9,0,1,1
1778,0,5,23,6,11,3941,13,0,0,3
1130,1,25,58,5,14,1018,16,0,0,0
1359,0,6,59,2,6,3142,17,1,1,3
1866,1,25,47,5,9,1444,20,0,0,1
1597,0,23,34,1,14,934,9,1,0,0
1046,1,28,58,8,0,3863,9,1,1,3
1035,0,6,44,3,3,3506,12,1,0,3
1175,1,13,19,7,9,1944,9,1,0,1
1261,1,5,11,4,0,348,14,0,1,0
1068,0,7,51,4,15,550,6,1,0,0
1713,0,30,20,7,17,971,10,0,0,0
1688,0,25,21,7,0,3984,8,1,1,3
1413,1,5,45,5,6,2973,15,0,1,3
559,1,5,11,5,14,2019,16,1,1,1
1483,1,26,19,7,19,1587,19,0,0,1
860,1,16,48,7,18,1870,18,0,0,1
1090,0,13,27,4,16,1352,11,1,0,1
686,1,5,3,6,15,570,19,1,0,0
818,0,13,43,6,15,546,7,1,1,0
1456,0,16,49,3,20,3624,16,1,0,3
774,0,5,10,2,9,2944,2,1,1,2
1068,0,5,19,8,9,1209,12,1,0,0
1373,1,19,29,6,12,2752,7,1,1,3
1777,1,30,20,6,5,3868,7,1,1,3
594,0,8,28,5,3,3087,4,1,1,2
1524,0,26,57,2,12,947,16,1,1,0
511,1,6,50,3,16,1484,8,0,0,0
1402,1,6,46,7,12,347,12,0,1,0
965,1,5,53,8,19,3227,8,0,0,2
1270,1,23,58,5,1,3299,16,0,1,3
919,0,5,13,1,15,1028,17,0,0,0
1963,1,10,34,2,17,714,2,0,1,1
1977,0,13,31,8,6,2641,7,0,0,3
1881,0,22,51,5,7,1229,14,0,0,1
683,0,7,19,4,17,2622,5,0,1,2
772,0,26,6,2,10,929,18,1,1,0
536,1,14,53,3,0,1211,7,0,1,0
1694,0,18,53,6,0,1653,6,0,0,2
1633,0,17,33,2,19,511,7,1,0,0
1371,0,5,52,4,19,3034,8,0,0,2
551,1,28,54,7,15,1414,19,0,1,0
1221,0,5,28,1,7,2438,10,1,1,3
1000,1,5,63,8,18,3744,7,0,1,3
1986,0,27,64,4,20,1377,15,1,1,1
1119,0,5,23,4,1,3520,7,0,0,3
1699,0,5,59,4,3,3796,12,1,1,3
1099,0,5,61,3,20,1699,3,1,1,1
1576,0,26,58,3,16,336,13,1,1,0
950,1,5,55,5,10,1095,13,1,0,0
1081,1,25,49,3,17,325,6,0,1,0
606,0,25,53,4,2,1223,7,0,0,0
502,0,15,37,2,12,1649,14,1,0,1
957,1,7,4,2,0,1898,3,1,0,1
1658,1,14,38,5,0,2609,19,0,0,2
1681,1,25,18,1,7,2265,20,1,1,2
1983,1,5,43,6,10,2775,3,1,1,2
1753,0,12,12,7,17,1445,12,1,1,1
1632,1,14,41,4,1,2614,15,0,0,2
1949,1,14,57,7,11,356,19,0,0,0
1696,0,17,13,3,2,523,4,1,1,0
688,0,25,57,7,3,3745,4,1,0,3
1104,0,17,60,2,13,1229,3,1,1,0
1122,0,28,28,3,4,1402,3,1,0,1
504,1,5,46,5,14,2085,8,0,0,1
1154,0,5,14,7,14,587,4,1,1,0
1727,0,21,63,7,8,2457,7,0,1,3
1674,0,28,52,3,7,2030,6,0,0,2
1948,0,28,18,2,14,816,3,0,0,0
1218,1,28,39,7,14,1667,12,0,0,1
531,0,11,63,7,14,2958,19,1,0,2
1057,0,21,5,5,13,3705,13,0,0,3
576,0,12,30,8,5,2800,16,1,1,2
1960,1,21,7,7,9,3773,6,1,1,3
673,1,17,22,1,5,2050,17,1,0,1
718,0,7,21,1,7,1754,9,0,1,1
864,0,17,35,3,7,1904,13,1,1,1
547,0,19,37,5,4,2705,10,1,0,1
623,1,9,3,8,7,3537,3,0,1,3
1793,0,7,27,5,13,1370,19,0,1,1
1720,1,7,19,2,3,1222,7,0,0,1
812,0,5,64,4,7,3102,2,0,0,2
980,1,5,33,6,0,2268,4,1,0,2
643,0,10,18,8,12,2648,18,1,1,1
1925,0,30,16,8,11,2173,19,1,0,2
1408,1,25,32,4,6,3162,3,0,0,3
1522,1,7,28,1,5,1368,17,0,1,1
587,1,25,51,1,17,2746,7,0,1,2
1959,0,5,18,6,20,619,8,1,1,0
1872,0,5,17,6,6,724,9,0,1,1
1043,1,5,42,3,8,912,6,1,0,0
1809,0,5,23,6,19,2784,20,1,1,3
1703,1,5,23,6,7,793,17,1,0,0
1095,1,5,45,1,5,560,10,1,0,0
1414,0,26,27,4,20,312,8,0,1,0
1659,1,25,41,7,18,545,9,1,1,0
1540,0,7,60,7,12,1591,2,0,1,1
1342,0,10,31,7,1,2746,10,1,0,3
1189,1,23,8,3,14,893,13,1,0,0
518,1,24,62,6,0,2514,7,1,1,1
1449,0,8,10,1,12,1032,8,1,1,1
516,0,11,39,5,7,819,10,1,1,0
1569,0,8,59,3,16,3672,15,0,1,3
1312,1,8,24,6,0,3833,17,1,0,3
1893,1,5,23,8,3,1482,17,1,0,2
1076,0,25,14,5,4,2043,14,0,0,1
530,1,26,40,6,2,1229,2,1,0,0
1044,1,28,33,4,13,1816,15,0,1,1
1330,0,11,37,7,20,2166,4,0,0,2
1836,0,11,14,5,1,2469,7,1,1,2
1741,1,5,55,5,3,2575,7,1,1,2
1869,0,26,30,1,13,1375,19,0,0,1
1331,0,5,55,3,15,1732,11,0,1,1
1655,1,5,4,3,12,673,12,0,0,0
605,0,15,18,2,14,2301,8,0,0,1
1245,1,6,30,5,3,2676,7,0,0,2
1709,1,8,58,2,10,1781,17,0,0,2
846,1,26,58,4,15,2248,13,0,0,2
1403,1,25,62,4,13,921,18,0,0,0
688,1,15,2,3,2,391,8,1,1,0
775,1,25,10,7,14,1719,18,1,1,1
1154,0,20,35,5,16,3262,16,0,0,3
1375,0,5,35,2,3,1947,15,1,1,1
1827,1,8,61,7,9,2693,7,1,1,3
1697,0,5,60,4,0,441,11,1,0,0
741,0,15,14,5,13,1886,9,1,1,0
1672,1,5,32,1,20,1267,20,1,0,1
514,1,7,57,3,7,687,20,1,1,0
1375,1,13,12,1,13,2890,12,0,0,3
989,1,18,55,1,12,1737,10,0,1,1
1510,1,25,47,2,13,887,5,0,0,0
1266,0,26,18,7,2,398,3,1,1,0
1396,0,24,46,7,1,2389,15,0,1,2
808,0,23,45,1,9,3431,13,1,1,3
1542,0,23,43,2,11,3601,16,0,0,3
745,1,6,35,8,10,2459,16,1,0,1
1735,1,19,59,6,0,3230,9,1,0,3
586,0,5,57,2,5,3646,11,1,1,3
1341,1,21,36,8,1,2200,15,1,0,1
781,1,13,64,2,7,3862,9,0,0,3
501,1,5,22,6,20,3077,17,0,0,2
1224,1,18,44,2,9,621,14,1,1,0
1970,0,16,58,8,19,2372,2,1,0,2
618,1,22,63,2,1,2574,5,1,0,2
1537,0,29,46,4,17,2857,2,1,1,3
1018,0,22,16,8,10,3143,20,1,0,3
1545,0,13,35,5,20,3197,6,0,1,3
1871,0,21,41,8,5,2727,11,0,0,3
1729,1,21,12,1,6,1519,5,0,1,1
680,1,21,9,3,11,2438,17,0,0,2
1106,1,19,54,3,9,2674,9,0,1,2
635,1,6,50,5,13,2107,12,0,0,1
618,0,6,16,1,14,2262,4,1,0,2
1671,0,5,5,8,18,815,10,1,1,0
1562,1,12,52,7,9,2829,3,1,1,2
1975,1,19,31,1,17,3022,19,0,1,3
831,1,7,62,8,9,2573,18,0,1,2
1524,1,18,10,4,1,2678,13,0,1,2
1528,1,18,55,5,6,1282,11,1,1,1
1447,1,25,9,8,16,568,8,0,0,0
1344,0,15,14,1,3,2074,5,1,0,1
564,0,30,8,2,3,2227,14,0,1,1
921,0,6,60,2,3,1080,6,0,1,0
1413,1,17,10,6,6,2867,15,1,0,2
831,0,24,55,6,12,1075,3,1,0,0
802,0,5,43,5,6,3063,4,1,0,2
1923,0,13,24,4,4,2479,15,1,0,2
1193,1,30,56,3,17,2394,14,1,0,2
904,1,12,31,3,11,2814,19,0,0,2
1285,0,24,51,7,2,2094,10,0,0,1
1635,0,26,2,4,0,2315,2,1,0,2
1923,0,10,14,4,6,2519,16,0,1,2
1851,1,19,12,6,11,735,14,0,1,0
727,1,15,32,7,1,1891,7,0,1,1
1396,0,15,44,6,1,1386,8,1,1,1
877,0,13,46,1,14,3260,6,0,0,2
696,1,24,35,3,13,2022,4,0,1,1
1009,1,10,2,8,14,1716,15,0,0,1
1526,0,11,38,5,6,3317,8,1,1,3
987,0,20,20,7,3,1454,8,1,0,0
1414,1,22,49,4,1,2290,12,1,0,1
1732,0,8,61,5,3,3940,20,1,1,3
1587,1,5,50,8,15,461,4,0,1,0
1097,0,8,21,7,15,2219,12,0,1,2
504,0,28,40,3,0,470,16,0,0,0
1159,0,27,28,8,18,2495,9,1,1,2
1910,0,14,29,7,2,2944,2,1,1,2
865,0,12,59,3,9,2361,19,0,1,2
1930,1,20,16,8,12,1783,13,0,1,2
860,1,13,40,3,13,2832,20,1,1,2
1268,1,29,42,6,17,931,20,1,0,0
999,1,18,27,4,1,1344,5,0,0,0
622,0,7,9,2,0,3916,5,0,1,2
1250,1,14,44,7,20,1882,14,0,0,1
763,1,5,51,5,12,2865,9,1,1,2
1100,1,16,15,8,14,757,16,1,1,0
815,0,20,51,6,12,3469,6,0,1,3
618,1,5,57,3,7,2399,17,1,1,1
553,1,22,18,2,1,3300,20,0,0,3
673,1,22,3,2,9,2719,9,1,1,2
563,0,20,47,7,12,3012,15,0,0,2
1590,0,15,14,4,15,2836,4,0,0,3
1031,1,21,11,2,9,2385,16,0,0,2
909,1,5,30,3,10,594,4,1,1,0
1880,0,5,7,4,1,2968,3,1,0,3
1479,1,18,24,6,0,3762,5,0,0,3
1271,0,15,2,1,1,892,20,1,0,1
709,0,19,13,8,15,467,5,1,1,0
1744,0,28,62,1,0,345,14,0,0,0
1314,1,22,40,7,1,3033,17,1,1,3
1136,0,5,9,6,2,2110,16,0,1,2
1039,1,27,56,8,13,3105,5,1,1,2
1300,1,5,62,6,7,874,10,1,0,0
732,1,23,39,7,11,3681,15,1,1,3
511,0,7,52,2,10,3865,7,0,1,2
1092,1,5,11,3,14,737,11,1,0,0
921,1,22,10,7,18,3153,11,1,0,3
1030,1,5,37,1,8,2800,12,0,1,2
1130,0,18,27,1,8,315,11,1,0,0
1299,0,28,60,8,6,1412,20,1,1,1
1009,1,28,2,7,15,2286,13,0,0,2
1735,0,18,34,2,17,2392,19,0,1,2
1129,1,28,49,2,2,1857,5,1,1,1
708,0,19,26,7,1,1419,16,1,1,0
894,0,7,58,2,3,3305,2,0,0,2
530,0,24,32,6,20,959,6,1,0,0
1481,1,20,35,3,0,2635,4,0,1,2
1068,0,27,45,5,1,1754,9,0,1,1
1487,0,5,57,3,12,2563,14,0,0,2
1524,0,25,41,4,20,1936,9,1,1,1
1093,0,19,22,8,14,1869,4,1,1,1
1816,1,16,50,5,2,3637,16,0,1,3
627,0,18,20,3,8,896,14,0,0,0
989,1,7,51,3,15,2349,20,0,1,1
1895,0,5,5,1,11,774,6,1,0,1
805,1,17,58,3,10,3397,2,0,0,2
713,1,16,2,8,9,485,4,1,1,0
864,0,25,24,4,15,3964,12,1,0,3
1177,0,9,11,4,7,1887,11,1,1,1
582,0,5,32,3,11,2977,20,1,1,2
1898,0,18,56,7,4,2114,19,1,1,2
1158,0,7,29,2,20,1542,15,0,1,1
1451,1,5,57,8,12,3038,18,0,1,3
1820,1,14,51,7,10,2481,11,0,0,2
984,0,5,9,3,20,841,16,0,0,0
580,1,21,24,4,5,3565,8,0,1,2
1263,1,20,5,6,3,1958,4,1,1,2
1237,0,5,27,8,5,2454,8,1,1,2
514,1,16,37,1,9,3392,5,1,1,3
1515,0,26,56,3,1,262,20,1,0,0
721,0,5,6,4,9,530,8,0,1,0
603,1,25,35,3,16,3703,9,0,1,3
1426,1,25,55,1,7,2562,3,0,0,2
1820,1,17,64,1,3,574,18,1,0,1
1215,0,10,16,4,8,2632,15,0,1,2
697,0,27,20,2,6,259,4,1,1,0
717,1,5,10,1,5,688,15,1,0,0
1348,1,20,36,6,6,2554,12,1,0,2
1164,1,26,61,1,6,3859,17,1,0,3
578,1,5,62,5,13,2977,5,1,1,2
1971,1,5,40,7,19,571,17,1,0,0
1794,1,5,55,7,7,402,14,0,1,0
1558,1,25,32,5,3,878,17,1,1,0
1597,1,9,4,1,19,2130,15,1,0,2
1240,0,16,39,2,9,3260,17,0,1,3
1994,1,8,7,8,4,454,6,1,0,0
1221,0,23,35,7,19,2638,14,1,1,2
989,1,16,24,8,17,2819,5,0,1,2
1180,1,12,50,4,20,1464,20,1,1,1
718,0,28,59,6,13,1824,3,1,0,1
1670,1,16,47,8,15,876,5,1,0,1
534,1,25,21,7,9,2706,18,1,0,2
1566,1,5,20,2,0,659,13,1,1,1
1935,0,5,29,5,9,455,6,0,1,0
504,1,28,54,2,10,2378,2,0,0,2
913,0,17,41,1,14,2278,18,1,0,1
1317,0,18,43,5,3,3436,5,1,1,3
917,1,5,31,6,2,3424,13,1,0,3
712,0,25,49,6,3,401,10,0,1,0
1083,0,10,52,2,20,681,19,1,1,0
1039,0,6,6,6,8,3212,7,0,1,2
1747,0,5,13,6,12,3105,10,0,0,3
1449,1,5,52,6,0,2036,10,1,0,1
1872,1,5,49,7,18,3153,5,1,0,3
1796,0,16,7,4,6,1642,3,1,1,1
1097,0,14,60,1,17,509,12,0,0,0
1562,0,5,20,8,10,3465,6,1,0,3
1433,1,23,27,7,12,3900,2,0,1,3
740,0,18,12,1,11,1105,19,1,1,0
676,0,22,39,1,5,2064,6,0,0,1
503,1,18,13,1,4,3117,9,0,1,3
1020,0,15,7,3,18,1142,8,0,1,1
896,0,10,4,1,4,1060,4,1,1,1
1824,1,8,19,2,5,2381,5,0,0,2
1512,0,6,54,3,2,3366,11,0,1,3
1053,0,29,42,6,17,1339,14,0,1,0
1944,1,18,31,4,10,2560,8,0,0,3
1174,0,7,25,2,8,285,3,0,1,0
627,1,16,12,7,17,2476,10,0,0,1
1602,0,27,46,1,5,1862,2,0,1,1
1733,1,15,6,1,15,3488,10,1,1,3
586,0,14,8,8,14,3178,10,0,1,2
1528,0,24,37,8,3,733,14,1,0,0
875,0,7,23,7,7,756,6,0,0,0
1602,0,6,58,1,13,3622,17,1,1,3
1426,0,16,12,5,16,1277,5,0,0,1
1370,0,14,6,6,8,3703,11,1,0,3
609,1,5,10,6,6,1905,18,1,1,1
840,0,12,15,6,8,2636,6,1,0,2
991,0,20,12,5,6,2014,10,0,0,2
1724,1,18,9,2,1,3056,6,0,0,3
584,1,18,19,3,0,465,4,1,0,0
860,1,13,49,6,13,3869,20,1,1,3
1541,1,28,28,5,15,1108,7,0,1,1
615,1,5,58,5,8,1906,5,0,0,1
912,1,28,46,4,11,851,4,1,1,0
1278,1,12,60,7,14,3142,19,0,1,3
1365,0,6,31,4,0,1300,13,0,1,0
1702,0,10,36,5,9,1430,10,0,0,2
589,1,5,59,8,4,362,6,1,1,0
1347,0,15,56,1,19,2456,13,1,1,2
1644,0,28,44,8,0,2360,19,0,0,2
956,0,19,42,7,11,3700,7,1,0,3
1089,0,14,2,7,20,2620,13,0,0,2
871,0,6,52,3,3,437,17,0,0,0
664,0,15,6,2,19,3774,18,0,0,3
1874,1,6,19,2,9,1218,17,1,0,1
1928,0,26,5,5,16,696,15,1,1,0
888,0,26,33,2,17,3407,20,0,0,3
1077,1,17,58,7,13,3902,3,0,0,3
1023,1,23,30,8,7,2086,19,1,1,1
1426,1,8,42,3,10,1356,16,0,1,1
831,0,17,26,5,11,1704,20,1,1,0
1496,1,13,6,3,9,3571,11,1,1,3
1433,1,23,5,5,11,2132,19,0,1,1
1095,1,26,44,4,5,3209,8,1,1,3
643,1,7,23,1,9,2096,2,0,0,1
1142,1,11,6,4,0,1273,6,0,0,1
730,1,5,27,5,10,3623,15,1,0,2
1901,1,5,41,2,17,368,12,0,0,0
1510,0,6,32,3,8,854,10,0,1,1
1924,0,26,59,6,0,3646,16,0,1,3
1825,0,11,17,4,18,3130,2,0,1,3
1275,1,5,5,1,9,3784,4,1,0,3
987,1,23,17,7,17,3885,14,1,0,3
1538,1,23,13,7,7,1494,12,1,1,1
1965,1,5,29,5,13,2973,20,1,1,3
808,0,19,20,6,14,1471,11,1,0,0
712,0,5,27,2,11,2001,12,1,1,1
1507,1,9,42,5,0,1486,19,0,0,1
912,0,7,47,3,6,1321,6,1,1,0
769,1,12,17,8,4,1877,11,0,1,1
948,0,23,22,5,20,3499,19,1,1,3
507,1,19,39,1,0,2124,12,1,0,1
1384,1,28,60,3,18,1221,15,0,1,1
1766,1,13,29,8,20,2316,6,0,1,2
1407,0,18,16,4,6,1068,8,1,0,1
614,0,29,24,4,7,1930,4,0,1,1
1972,0,29,14,7,18,1316,8,1,0,1
1039,0,5,47,8,9,1742,15,0,0,1
511,1,30,34,8,13,3265,14,0,0,2
1811,1,25,5,4,16,2700,8,1,1,2
1159,0,15,36,4,8,2115,18,0,0,2
1848,0,13,12,2,19,3915,8,0,1,3
1988,1,5,16,8,1,3144,14,0,0,3
1469,0,5,58,7,8,1571,2,0,0,2
1423,0,6,44,5,13,2253,9,0,0,1
1974,0,5,10,6,12,1433,17,0,0,1
835,0,8,42,5,18,2583,13,1,1,2
1429,0,6,42,5,9,1817,16,0,0,1
947,1,5,51,2,15,2915,6,1,1,2
1446,1,28,18,8,1,3340,16,1,1,3
1332,0,13,7,7,19,2790,10,1,0,2
1498,1,12,14,4,1,577,12,1,0,0
1576,1,9,14,2,4,3220,6,1,0,3
1398,0,16,26,1,12,3488,11,1,0,3
1885,0,24,14,4,15,1277,16,0,1,1
798,1,5,2,2,15,3593,3,1,0,2
1436,0,25,42,8,1,2736,19,1,0,3
1998,1,12,31,8,19,2311,18,1,0,2
1321,1,13,63,8,9,1464,16,1,1,1
1021,0,13,9,2,12,1355,14,1,0,1
1339,1,23,40,2,1,2382,7,0,1,2
1210,1,16,57,4,20,1886,17,0,1,1
1949,1,5,31,5,9,832,19,0,0,1
882,0,7,28,6,16,751,8,0,1,0
1549,1,15,27,5,7,436,11,0,0,0
1991,0,22,42,1,13,722,10,1,0,0
796,0,5,12,1,8,1075,2,1,0,0
1012,0,5,39,4,6,2802,10,1,0,2
1318,0,19,11,2,15,1780,2,0,0,1
1708,0,8,14,4,16,1247,16,0,0,1
598,1,8,62,8,9,3066,19,1,0,2
541,1,23,51,8,17,403,12,0,0,0
818,0,5,23,5,17,2518,3,1,0,2
1414,0,5,15,2,0,1069,14,0,0,0
601,1,17,6,4,11,2651,9,0,1,2
561,1,28,40,7,6,2974,19,0,1,2
1616,1,23,52,5,8,657,2,1,0,0
1263,1,14,32,2,2,3372,10,1,0,3
1604,1,19,63,5,2,1464,20,1,0,1
539,0,20,24,4,2,1326,3,1,0,0
1071,0,26,49,4,5,3393,7,0,0,3
826,0,5,57,2,0,323,7,0,1,0
771,0,29,62,1,8,1628,6,1,0,1
1811,0,29,33,8,2,2610,13,1,0,3
1842,1,22,56,4,10,3721,4,1,1,3
1420,0,28,50,8,8,763,17,1,1,0
1763,0,5,10,3,19,792,13,0,1,0
1163,1,19,2,5,20,1568,19,0,0,1
1805,1,5,29,4,2,1276,17,1,0,1
610,1,16,52,4,19,3472,12,1,1,3
1533,1,11,17,4,20,2520,11,0,1,2
1924,0,5,63,2,10,3423,19,0,0,3
1801,0,5,52,6,10,258,9,0,0,0
1726,1,19,42,5,3,1868,6,0,0,2
794,0,25,14,3,19,2171,18,0,1,1
1686,1,5,28,5,8,780,5,0,0,0
1444,1,21,6,1,1,712,10,0,0,0
1004,0,16,30,8,1,1012,13,1,1,0
1242,1,24,28,4,9,318,19,0,0,0
539,0,15,26,6,8,3948,15,1,1,3
717,0,11,14,8,6,629,20,0,0,0
1540,0,7,29,7,1,1161,5,0,0,0
672,0,5,35,8,17,1403,6,0,0,0
1325,1,5,13,4,8,3707,18,1,0,3
950,0,5,55,8,7,1305,4,0,1,0
948,0,15,18,4,7,2926,9,1,1,2
1328,1,5,27,3,18,2674,5,0,1,2
1447,0,5,40,2,5,471,20,0,1,0
1973,1,5,21,8,7,1724,8,0,1,1
1731,1,23,60,4,20,1220,20,1,0,1
1617,0,15,63,2,10,2754,8,1,1,2
1791,1,5,33,5,4,594,16,0,1,0
851,0,23,54,2,9,1005,14,0,1,0
856,0,19,14,1,7,2439,12,1,1,1
714,1,5,30,4,2,2302,10,1,1,1
951,0,5,15,2,17,1083,16,1,0,0
1303,1,21,10,8,15,2219,15,1,1,2
1550,1,27,32,7,5,1571,14,0,0,2
1759,1,14,15,4,13,2107,16,1,0,2
1448,0,5,2,5,19,593,18,1,1,0
1987,1,19,50,8,18,857,6,1,0,1
908,0,21,44,5,2,3518,7,1,1,3
820,0,5,58,4,4,1284,17,0,1,0
904,0,27,19,6,7,545,16,0,0,0
667,0,13,6,6,10,3566,12,0,1,2
1109,0,21,34,1,4,2821,17,0,1,2
1333,0,14,59,7,5,3442,5,1,0,3
1352,0,24,6,6,9,1309,14,0,0,1
1600,0,25,19,6,9,1179,18,0,1,1
1454,0,14,37,8,20,1713,19,0,0,1
1489,0,21,9,3,1,1663,14,0,1,1
1823,0,28,10,8,19,1812,19,1,1,2
1581,1,10,41,4,19,1384,2,1,1,1
1672,1,17,44,8,4,1348,7,1,1,1
1283,1,7,27,4,6,3957,6,0,0,3
630,0,20,14,8,13,1212,12,0,0,0
659,0,22,24,8,2,3925,10,1,1,3
1811,1,5,32,6,0,348,18,0,1,0
688,1,25,40,5,20,1382,8,1,0,1
514,1,29,18,2,8,980,16,0,1,0
1933,0,28,16,3,9,838,18,1,0,0
915,0,20,31,3,20,378,9,1,0,0
1006,0,22,22,4,8,909,7,0,1,0
1134,1,9,13,4,19,3632,19,1,0,3
599,1,29,64,8,1,3396,7,0,0,2
973,0,5,53,5,7,1861,16,1,0,1
1180,1,25,27,6,1,348,19,1,1,0
1237,1,25,13,4,12,2528,16,0,0,2
659,0,5,5,8,10,2190,16,1,0,1
1142,1,14,6,8,8,663,5,1,1,0
1002,0,27,11,6,18,961,19,0,1,0
1392,0,25,44,4,2,1280,16,0,1,1
602,0,9,50,8,18,2189,16,1,0,2
1249,1,5,55,3,8,531,13,1,1,0
531,1,5,12,4,3,2331,20,0,1,1
1450,0,21,31,5,4,794,9,1,1,1
1342,0,28,50,1,8,2644,11,1,1,2
832,1,5,22,1,8,1666,20,1,1,1
867,1,15,57,4,0,2157,18,0,0,1
1404,0,21,44,1,20,1196,5,0,1,1
840,0,9,33,6,7,2072,19,1,0,2
1368,0,5,42,1,20,1590,14,0,0,1
1927,0,9,11,8,12,2916,18,1,1,3
1714,0,5,31,2,10,3707,19,0,1,3
1201,1,5,10,6,5,726,3,1,0,0
1796,1,23,44,2,11,3577,4,1,0,3
1147,0,8,28,6,13,2627,15,0,1,2
776,1,17,20,4,9,685,7,1,1,0
510,0,26,33,6,10,1693,5,1,0,1
1045,1,12,40,6,7,2137,12,0,1,2
1497,1,9,10,8,20,3696,3,0,1,3
1425,1,6,33,3,2,3771,9,0,1,3
726,0,22,40,4,20,1342,4,1,1,0
1576,1,20,20,3,0,1379,16,0,1,1
714,1,21,11,3,6,1164,19,1,0,1
1595,0,19,63,1,20,908,6,0,1,1
541,0,10,10,4,0,1019,15,1,0,1
1617,1,26,29,6,20,3685,18,0,0,3
1154,0,11,5,1,13,1470,12,0,0,1
1638,0,10,2,1,11,2299,9,1,1,2
1150,1,27,39,8,1,999,11,1,0,0
1254,1,23,44,1,10,3011,12,1,0,2
1806,1,20,54,1,11,3142,6,0,1,3
603,0,15,12,6,20,1543,19,1,0,1
1834,0,21,40,4,11,3692,16,1,0,3
520,0,23,31,6,14,2753,17,0,1,1
565,0,6,50,2,8,2156,6,1,1,1
1689,1,5,9,5,15,2637,3,0,0,2
742,1,23,21,8,1,331,7,0,0,0
1143,0,12,22,3,6,1214,16,1,0,1
761,1,5,3,7,15,2248,15,1,1,2
959,1,13,36,5,14,3073,8,1,1,3
772,1,12,8,7,8,422,15,0,0,0
1015,1,8,12,3,14,2293,2,1,0,1
1824,1,19,2,1,14,3958,19,1,0,3
1130,1,5,29,1,14,432,10,1,1,0
1183,1,5,48,8,12,1152,3,0,0,0
574,1,20,26,6,2,1303,2,0,1,0
1472,0,30,20,2,6,797,11,1,0,0
1868,1,5,40,8,17,298,17,1,0,0
1375,0,29,20,6,7,3847,12,0,1,3
881,0,10,64,3,6,2110,6,1,1,1
1742,1,5,43,3,7,1921,3,1,0,2
1225,0,7,60,2,15,2423,6,0,0,2
1970,1,5,15,2,0,1658,20,1,1,2
1186,1,5,21,8,4,2361,7,0,0,1
1762,0,7,60,4,10,1380,14,0,0,1
1731,1,14,4,6,18,3892,4,1,1,3
852,0,18,8,5,9,315,20,0,0,0
848,1,15,36,4,16,2289,19,1,1,1
1575,0,25,11,7,20,2182,17,1,0,2
1554,0,28,23,6,18,2184,20,0,1,2
1972,1,16,48,8,2,2872,11,0,1,3
827,1,6,35,6,17,2367,15,0,1,1
1063,0,15,3,4,10,1919,20,1,0,1
1695,0,23,34,5,10,3296,14,0,0,3
1343,0,24,14,8,10,462,11,1,1,0
834,0,5,27,1,16,1591,20,1,0,1
595,0,26,20,2,18,1593,2,0,1,0
1081,1,19,42,7,17,2456,7,0,0,1
911,0,14,14,4,4,2933,11,1,0,3
844,0,22,22,7,2,3154,7,0,0,3
1335,1,30,60,2,4,3615,9,0,0,3
1883,0,16,24,1,16,3563,3,0,0,3
1128,1,5,33,8,7,1440,19,0,0,1
826,1,24,57,2,17,1907,5,0,0,1
1650,0,23,38,1,1,324,2,1,1,0
1162,0,10,50,4,10,1404,15,1,1,1
1517,0,25,8,4,18,2738,12,0,0,2
963,0,5,60,3,3,2722,16,0,0,2
1837,0,10,12,8,6,2294,20,0,1,3
1028,1,28,30,1,10,1424,13,0,1,1
1831,1,22,55,8,9,1133,10,1,0,1
571,1,20,58,6,11,555,11,0,1,0
1770,1,23,9,6,5,3785,14,0,1,3
970,1,13,59,7,19,3675,12,0,0,3
642,1,5,38,5,10,435,2,1,0,0
622,1,19,11,8,14,3183,4,1,1,2
600,1,18,6,2,15,3495,7,1,0,2
1412,0,6,57,3,10,1853,18,0,1,1
733,0,8,16,4,12,2648,19,1,0,2
1070,1,30,19,7,16,2647,20,1,0,2
875,1,7,30,8,8,702,15,1,1,0
1994,1,7,5,2,7,1836,18,0,0,2
823,0,10,18,5,16,3894,9,1,0,3
1908,0,5,30,2,19,2944,17,0,1,3
790,0,5,44,8,8,3424,9,1,0,3
1330,1,18,40,1,5,2678,14,1,1,2
1660,0,5,15,8,8,2424,9,1,0,2
1776,0,22,20,6,16,2671,12,1,1,3
1611,0,5,27,1,10,3078,6,0,1,2
1410,1,5,15,3,1,2304,18,1,0,2
1772,1,16,45,2,18,1146,17,1,0,1
1280,1,13,39,7,1,2335,2,0,1,1
1712,1,9,23,7,19,1422,15,1,0,1
1562,1,7,55,8,1,2096,3,0,0,2
891,0,19,18,6,3,1303,4,1,1,0
1957,0,12,36,2,19,1115,18,0,1,1
1110,0,6,42,5,2,456,18,1,0,0
875,1,14,43,8,3,3396,18,0,0,3
1211,1,12,28,2,3,2750,14,1,0,2
769,0,5,54,4,19,941,20,0,1,0
671,0,29,2,6,19,2278,2,0,0,2
1872,0,5,26,4,10,2273,8,0,1,2
1076,0,23,14,5,0,2355,2,1,1,2
1325,0,19,50,1,10,2328,2,0,0,2
911,1,22,28,2,2,2638,13,1,1,1
1273,1,7,23,6,14,558,13,0,0,0
1062,0,5,39,4,4,1345,11,0,1,0
1317,0,15,12,2,9,425,11,1,1,0
940,0,29,16,4,1,2192,9,1,1,1
729,1,20,14,6,2,3397,17,0,1,2
1494,0,24,3,7,17,1208,17,1,0,1
1546,1,16,27,2,6,267,16,1,0,0
1253,0,7,34,4,10,3518,8,1,1,3
895,0,5,16,8,14,3122,4,0,1,2
793,1,19,43,8,2,1050,3,1,1,0
1628,1,18,56,2,13,3358,12,1,1,3
625,0,27,42,8,3,2929,17,0,0,2
1110,0,15,12,8,5,624,15,0,0,0
999,0,17,49,1,17,1598,8,1,0,1
1856,0,5,24,5,1,2052,10,1,0,2
1715,0,26,15,6,20,1249,4,1,0,1
1897,1,19,54,2,7,412,2,0,0,0
1202,1,24,19,2,1,595,3,0,0,0
1171,1,17,19,7,19,263,8,0,0,0
964,0,20,22,8,0,2577,5,1,0,2
1973,1,24,46,4,10,639,3,0,1,0
1992,1,6,2,1,14,3206,10,1,0,3
546,1,26,26,5,15,1550,3,1,0,1
1093,0,5,31,2,12,1646,6,1,0,1
1880,1,20,35,4,14,1930,15,1,0,2
1765,0,11,11,2,7,3695,18,0,0,3
1640,0,5,36,8,11,3235,10,0,1,3
1830,0,5,7,6,12,2334,14,1,0,2
826,0,6,62,4,19,1998,17,0,0,1
1864,0,22,7,1,2,2258,10,0,0,2
586,1,6,42,7,17,1869,7,1,1,1
1206,0,30,30,3,13,1825,4,0,1,2
832,1,5,5,5,2,3946,14,1,1,3
848,1,28,8,7,3,436,15,1,1,0
1851,0,29,53,6,2,2678,8,0,0,2
1166,1,5,59,1,11,3887,7,0,1,3
1776,1,21,35,4,16,1813,20,1,1,1
1254,1,12,27,2,10,817,16,1,1,0
1494,0,16,24,1,17,3614,9,0,0,3
984,1,22,39,8,18,2013,16,1,0,1
1179,1,8,5,5,17,543,18,0,1,0
513,0,19,27,8,13,3400,13,1,1,2
557,0,5,17,6,4,2623,16,0,0,1
744,0,17,33,4,2,2700,19,0,0,2
1129,1,8,21,2,10,1400,13,1,0,1
1148,0,23,58,5,20,3127,11,0,0,2
1793,0,27,44,5,17,2803,6,1,1,3
1310,0,23,15,5,11,2518,5,1,1,2
1604,0,12,6,6,15,3564,2,1,0,3
1676,0,16,37,1,3,2515,4,0,1,2
1001,0,28,40,3,7,3654,10,1,1,3
1086,0,27,24,8,19,3930,18,1,1,3
1986,1,5,39,7,19,3476,17,1,0,3
634,1,8,41,1,12,3242,4,0,1,3
502,0,8,52,6,8,2666,20,1,0,2
1641,0,11,48,8,7,1695,17,0,1,2
623,0,14,15,3,1,3510,18,0,1,2
962,1,11,17,8,20,3438,20,0,0,3
1057,1,27,41,4,10,2033,2,1,0,1
1862,0,15,62,1,2,1017,9,0,0,1
555,1,30,38,2,10,1686,8,0,1,1
1000,0,27,58,5,12,862,20,0,0,0
841,0,5,11,5,14,957,11,1,0,0
865,0,29,16,4,12,3494,14,0,1,3
999,0,26,56,4,13,3083,11,1,1,2
1232,0,12,30,6,14,1656,15,1,1,1
1194,0,23,34,2,12,313,19,1,0,0
612,1,5,20,8,6,3282,18,1,1,3
1362,1,29,47,6,4,3629,5,1,1,3
1469,0,17,44,2,14,1687,5,1,1,1
986,1,8,28,4,20,1149,18,1,0,0
1843,0,28,62,3,7,3899,6,0,1,3
1561,0,5,4,2,13,1783,10,1,0,2
1695,1,5,47,5,13,1629,11,1,0,1
667,0,26,8,1,7,2528,8,1,0,2
1768,1,20,2,7,2,3256,5,1,0,3
1269,1,28,41,8,17,2341,16,0,1,2
1109,1,28,57,1,12,2785,16,0,0,2
936,0,5,14,3,17,3761,12,0,0,3
1713,1,20,5,6,16,1513,2,0,1,1
1175,1,17,45,2,7,2240,5,1,0,1
1940,1,10,5,4,1,820,3,1,1,1
855,1,5,59,2,3,1875,8,1,1,1
771,1,5,33,3,17,920,10,1,1,0
645,0,25,63,4,14,3615,13,0,1,2
1307,0,18,7,7,3,1412,5,0,1,1
1948,0,29,5,1,13,361,10,1,0,0
1509,0,6,50,4,8,1540,3,1,0,1
626,1,28,11,2,9,1077,4,0,1,0
1190,0,20,40,5,1,3610,9,0,1,3
1727,1,21,57,6,18,512,6,0,0,0
1670,1,30,62,8,20,3024,20,0,1,3
1150,1,5,27,1,17,1610,16,0,0,1
1208,0,29,16,1,19,2201,12,0,0,1
1812,1,13,42,7,15,3338,11,1,1,3
770,1,15,61,4,9,3473,4,0,1,3
1559,1,13,10,8,17,2203,15,1,1,1
1902,0,5,13,4,11,940,15,1,0,1
1751,0,25,4,8,9,1155,12,1,1,1
1416,1,18,20,4,0,3872,7,0,1,3
1288,0,5,61,6,6,1882,10,0,1,2
1003,1,29,16,8,19,1798,10,0,0,1
1715,1,5,18,6,3,2598,3,0,0,3
1967,0,5,46,1,7,1567,7,1,0,1
962,0,10,2,1,20,1491,14,0,0,1
1487,0,15,42,2,7,2003,3,0,0,2
1569,1,16,54,4,6,3905,4,0,0,3
1146,0,30,57,5,10,291,11,1,1,0
1379,1,15,9,8,13,1693,18,0,1,1
1504,0,19,25,4,9,1788,13,0,1,1
1945,0,12,26,6,5,3322,20,0,1,3
1630,1,28,32,6,1,1751,20,0,1,2
1125,1,27,23,1,14,1641,12,1,0,1
614,1,7,51,7,7,2854,12,0,1,2
854,0,10,17,4,9,3115,2,0,0,2
1470,1,17,45,1,9,3259,14,0,1,3
1826,1,5,49,8,6,1612,17,1,0,2
807,1,5,37,4,0,2319,4,0,0,1
1996,1,28,7,5,4,1258,16,0,0,1
1083,1,20,41,5,5,1543,10,0,1,1
1035,0,5,49,2,15,3991,19,0,0,3
1521,1,16,62,1,9,3555,19,0,0,3
1314,1,28,5,4,18,3411,18,0,0,3
535,0,19,24,8,19,524,4,0,0,0
673,1,19,35,6,14,3541,4,0,1,3
1219,0,16,4,6,7,1998,4,0,0,2
1606,1,5,33,5,0,3437,2,0,0,3
1603,1,5,17,2,8,1637,11,0,1,1
1958,0,5,52,1,14,3064,3,0,0,3
695,0,5,12,2,19,2855,7,1,1,2
1441,0,6,53,1,12,1393,4,1,1,1
1470,0,22,33,7,10,1633,4,0,0,2
1890,0,11,48,4,5,2392,15,0,1,3
1152,1,21,26,2,0,3284,8,0,1,3
1619,1,9,20,6,9,464,16,0,1,0
1002,1,18,45,7,7,1234,18,1,0,0
742,1,5,36,3,1,292,6,1,1,0
1306,1,21,33,3,9,2521,16,0,0,2
1424,1,29,20,5,0,2658,19,0,0,2
942,0,14,27,4,9,587,13,1,1,0
1934,1,27,2,4,16,2190,9,0,1,2
1290,1,14,35,4,20,879,8,0,0,0
930,0,21,54,1,13,1743,9,1,0,2
1699,1,5,21,4,20,1181,18,1,0,1
1849,1,5,29,7,12,3330,15,0,1,3
1922,0,5,42,8,16,3564,17,0,0,3
548,0,10,56,4,14,562,8,1,1,0
916,1,5,47,4,1,1659,11,1,0,1
1783,1,5,14,8,11,1816,7,0,1,2
1083,1,14,49,5,9,1338,5,1,1,0
1698,0,28,7,8,12,2992,17,1,0,2
1969,0,8,7,8,20,315,7,1,0,0
869,0,19,2,7,3,3249,12,0,1,2
1337,1,27,5,4,1,3242,20,1,0,2
637,1,8,28,4,6,2725,7,0,0,2
833,1,6,27,4,2,586,19,0,1,0
1248,0,24,9,3,8,2454,13,1,0,2
1174,1,9,30,4,20,804,16,1,1,0
1831,1,23,44,7,14,2460,18,0,0,2
1002,0,26,27,1,10,1295,17,0,1,0
1010,1,20,8,5,3,2625,12,1,0,2
1117,1,5,21,2,19,1999,2,0,1,1
990,1,27,15,2,7,2698,6,0,0,2
1564,0,14,26,6,16,3742,13,1,0,3
1065,0,28,21,5,3,1193,20,0,1,1
1982,0,11,24,7,16,3511,15,1,1,3
1607,0,11,20,2,8,885,14,1,0,0
1066,0,30,5,5,7,1044,11,0,0,0
681,0,5,17,5,19,2548,5,0,1,2
1163,1,21,19,2,1,2940,15,0,1,2
1285,0,8,11,5,7,3966,2,1,1,3
753,1,5,48,8,20,3484,16,0,0,3
1779,1,26,5,1,3,1246,20,1,0,1
987,1,19,52,3,8,2757,15,1,0,2
511,0,9,24,3,18,2378,4,0,0,1
1044,0,18,12,6,5,1794,19,1,1,1
1855,0,5,32,8,18,3933,7,0,1,3
946,1,14,26,6,10,1637,6,0,1,0
657,1,19,21,8,8,783,11,1,0,0
1673,1,16,42,5,6,3094,20,0,0,2
731,1,5,28,8,0,1774,10,0,0,1
926,1,8,59,7,14,256,2,0,1,0
1261,0,5,52,2,9,1365,16,0,1,1
618,0,11,45,3,20,2339,10,1,0,2
936,1,23,57,2,6,2049,5,1,0,1
1485,1,9,28,5,1,3241,11,1,0,3
1339,1,5,21,4,11,867,3,1,0,0
508,1,13,50,5,9,2175,14,0,1,1
1938,1,5,44,2,9,3497,18,1,0,3
995,0,13,10,4,3,609,5,0,1,0
1086,1,17,43,6,1,3285,17,1,0,2
1322,0,23,35,1,3,3684,6,0,0,3
1864,0,19,57,6,6,3586,8,0,1,3
1944,1,5,26,4,9,2322,7,0,1,2
581,0,6,56,2,10,354,13,1,1,0
1020,1,7,27,4,4,3204,9,0,1,3
1936,0,13,44,3,3,1400,3,0,1,1
1329,1,17,23,8,6,2308,9,1,0,1
808,1,5,46,8,15,1082,10,0,1,0
994,0,12,40,2,17,3104,11,0,0,2
1811,1,20,22,2,8,2847,4,0,1,2
765,1,25,44,8,11,2256,19,1,1,2
993,1,23,16,7,13,1113,6,0,1,0
1136,1,16,32,6,19,3210,8,1,1,3
719,1,5,23,6,9,3990,12,1,1,3
733,1,6,63,7,10,984,9,0,1,0
1946,0,27,8,8,19,3117,2,0,0,3
1230,1,16,48,7,2,1622,16,1,1,2
1577,0,10,64,3,7,2967,7,1,1,3
1514,1,14,12,3,4,1037,15,0,1,0
579,1,25,7,8,10,2908,11,0,1,2
574,1,30,30,2,3,1167,19,0,0,0
1072,1,22,19,8,16,2715,16,1,0,2
843,0,13,16,7,4,1734,14,0,1,1
1492,1,15,11,3,7,2259,19,1,1,3
1807,1,29,16,3,0,2921,17,1,0,3
909,1,7,47,3,9,1244,16,1,0,0
1876,0,13,64,3,19,3132,2,1,1,3
1436,1,24,23,5,4,2488,8,0,0,2
1251,0,5,29,6,16,1052,11,0,0,0
636,0,5,28,2,15,2927,3,0,0,2
1354,1,7,26,4,6,2090,13,1,0,1
930,1,5,34,4,16,2131,6,0,1,2
1830,1,10,47,1,11,3362,11,0,0,3
1424,0,5,23,4,18,1053,16,1,1,1
583,1,9,51,8,2,1799,7,1,0,1
648,1,5,54,5,20,3124,13,0,0,3
1203,1,5,11,2,12,1672,19,1,0,0
1777,0,22,15,4,7,1552,10,1,0,1
1299,1,28,64,6,6,1938,5,0,1,1
1494,0,19,47,2,9,3202,14,0,0,3
527,0,7,53,1,11,1302,13,0,0,0
793,1,28,64,4,2,2296,5,1,0,1
873,1,5,8,7,9,575,7,0,1,0
722,0,11,12,6,20,2359,3,0,0,1
1250,1,15,20,5,18,3314,6,1,1,2
1358,0,17,60,3,1,440,13,0,0,0
1035,1,19,11,6,10,2002,5,1,0,1
1289,0,8,16,6,17,3167,20,1,0,3
1445,0,22,37,2,6,3480,17,1,1,3
1702,1,23,47,2,19,595,19,0,1,1
534,0,5,2,5,16,2466,18,1,1,2
628,1,18,60,6,6,1337,14,1,0,1
713,0,14,53,1,17,1462,13,0,1,0
1207,0,5,58,8,0,503,5,1,0,0
683,1,21,30,7,8,2066,15,0,0,1
594,1,26,27,5,2,708,17,1,1,0
537,1,20,55,7,2,2029,12,1,1,1
1565,1,5,38,5,1,308,7,1,1,0
1052,0,9,6,4,16,552,11,0,1,0
713,0,16,63,2,8,2082,12,0,0,1
1766,1,5,16,5,7,3314,17,0,1,3
584,1,17,19,4,4,3996,17,1,1,3
1541,1,15,5,4,10,1795,4,1,1,1
837,0,24,51,5,15,594,20,0,1,0
935,1,5,58,5,12,2473,9,0,1,2
665,1,7,31,5,2,690,15,0,0,0
680,1,24,34,2,17,3845,4,1,1,3
877,0,15,17,7,0,2004,9,1,1,1
1493,0,15,53,5,16,2083,20,1,1,2
1762,0,6,26,6,14,2661,4,1,0,2
842,1,18,57,3,10,1903,14,1,0,1
925,1,21,56,1,14,2466,5,0,0,2
1692,0,21,2,1,17,3779,7,1,1,3
1576,1,22,5,3,17,3904,7,1,1,3
1065,0,17,48,6,8,265,12,0,0,0
958,1,16,60,1,12,1417,19,0,1,0
623,1,8,26,7,12,1769,16,0,0,1
897,0,14,17,1,2,2948,5,0,1,2
1110,0,15,41,3,16,2572,16,0,1,2
616,1,22,21,7,4,3267,19,0,0,2
1680,1,12,37,4,7,1459,2,1,0,1
1715,0,13,12,8,6,1633,5,1,1,2
983,0,6,45,4,11,2052,6,0,1,1
720,1,9,14,4,14,1086,3,1,0,0
1660,0,6,24,2,3,2402,14,1,1,2
1564,0,15,42,2,2,3376,7,1,0,3
592,0,8,52,7,10,1507,4,0,1,0
969,0,18,44,3,7,641,8,0,1,0
1356,1,5,35,1,19,3451,17,1,1,3
504,1,10,14,7,9,1607,10,1,1,0
1546,1,5,6,1,4,3521,9,0,0,3
689,0,29,7,2,6,1241,16,0,0,0
1685,0,6,16,7,15,881,17,1,1,0
1792,1,10,62,7,8,2563,15,0,1,3
1786,0,12,61,3,14,3033,17,1,0,3
1944,0,6,59,7,10,769,3,0,1,0
1077,1,25,49,4,14,3454,2,0,1,3
648,1,18,60,4,4,819,4,0,0,0
1702,1,5,2,6,19,435,3,1,1,0
1571,0,29,30,7,3,586,4,1,1,0
856,1,11,19,6,19,650,10,0,1,0
1786,0,26,14,4,15,3038,14,0,0,3
914,1,7,60,5,4,3736,5,0,0,3
1615,1,28,9,1,13,2948,3,1,0,2
649,1,14,19,7,12,739,2,1,0,0
1646,0,25,25,2,5,686,11,1,0,0
1189,1,19,7,2,20,841,11,1,0,0
1043,0,27,29,8,17,1183,8,0,0,0
1920,0,6,19,3,8,3943,4,1,0,3
1220,1,28,54,7,20,1037,15,0,0,0
1748,1,5,53,4,20,2633,9,0,0,2
907,1,26,44,3,12,3911,8,0,0,3
1193,1,23,20,7,13,1958,2,0,0,2
1766,1,5,22,8,4,3297,16,0,0,3
1278,1,10,24,3,16,3141,11,1,1,3
1234,0,17,17,6,15,3351,19,0,1,2
1961,1,15,55,7,20,2355,6,1,1,3
1745,0,29,3,3,0,1308,2,1,0,1
1442,0,6,27,5,8,991,7,0,0,0
1083,1,29,39,8,2,3248,6,0,1,2
868,1,9,5,4,7,1519,2,0,1,0
864,0,16,53,6,1,493,10,1,0,0
1142,1,12,2,6,0,1747,14,1,0,1
608,1,5,64,4,0,2517,7,1,1,1
983,0,18,53,1,4,1389,8,1,1,1
1720,0,16,2,5,20,2522,2,0,1,2
1802,1,12,27,5,16,1885,7,1,0,2
591,0,21,16,7,20,704,4,1,1,0
1205,1,27,10,6,10,953,20,1,1,0
1369,1,17,28,1,18,3206,4,0,0,3
713,0,9,42,1,14,928,9,0,1,0
1082,0,23,2,4,20,2177,17,1,0,1
1719,1,21,52,3,1,2610,11,1,1,2
1544,0,24,12,7,20,489,2,0,1,0
1090,1,23,8,8,8,3839,11,0,1,3
1991,0,28,15,1,13,1861,17,1,1,1
1367,0,29,56,2,6,299,10,1,0,0
1179,1,5,32,2,12,340,16,0,0,0
721,1,27,15,5,18,3606,5,1,1,3
1549,1,18,62,4,4,799,9,0,1,0
1349,1,21,46,6,12,2367,10,0,1,1
1799,0,10,30,3,9,445,10,1,0,0
1075,0,5,11,1,16,3927,7,0,0,3
684,1,9,63,5,9,3756,12,1,1,3
1837,0,5,36,4,20,770,15,0,1,0
1619,1,19,21,1,9,1641,13,0,0,1
965,1,14,13,8,2,2343,15,0,0,2
730,0,15,9,4,15,2787,7,0,1,2
1361,1,14,47,5,2,2495,16,0,1,2
1494,0,16,45,5,4,3208,4,0,0,3
1027,1,8,18,7,11,1234,14,0,1,0
1807,0,8,38,8,0,1069,7,0,0,1
709,0,24,11,5,11,3568,3,0,1,3
689,0,14,45,5,11,3585,10,0,0,3
955,1,5,2,4,10,1974,18,1,0,1
1872,1,19,35,3,14,2419,19,0,0,3
1259,0,12,13,2,0,340,4,0,1,0
695,0,12,41,8,8,2282,17,1,0,1
1969,0,12,63,4,11,298,10,1,0,0
759,0,25,39,2,8,968,2,0,0,0
936,0,10,18,3,18,2391,3,1,1,2
1176,1,21,62,2,10,1534,17,0,0,1
1802,0,27,10,7,9,696,3,1,0,0
772,0,10,23,7,11,2782,17,0,0,2
1318,1,24,45,2,7,755,9,0,1,0
591,1,5,16,6,17,3746,5,1,0,3
569,1,25,41,1,1,2651,4,0,0,1
764,0,10,45,8,11,1341,12,0,0,0
1056,1,21,37,3,11,2651,3,1,1,2
1982,1,16,12,5,20,1824,14,1,1,1
1830,1,5,14,6,6,1905,19,1,1,2
1122,0,5,40,7,14,1456,20,1,0,1
1023,1,7,63,7,8,3155,7,1,1,3
1283,1,24,33,3,15,773,2,1,0,0
1602,0,16,35,7,7,1829,13,0,0,2
732,1,13,32,8,7,3883,5,0,1,3
1854,0,9,33,1,0,1675,9,0,1,1
718,1,16,30,3,12,1601,12,1,1,1
897,1,20,2,8,10,1958,7,1,0,1
1405,0,17,8,4,7,2376,11,1,0,2
798,0,6,21,2,12,1647,3,0,0,1
1035,1,27,40,5,15,3548,5,1,1,3
1396,1,6,37,4,15,2694,19,0,1,2
1749,1,5,49,1,8,2195,4,0,1,2
1588,1,25,4,5,20,2506,11,0,0,2
1600,0,5,16,4,16,2073,4,1,0,2
1522,0,22,21,6,11,3767,16,0,1,3
1279,1,25,7,6,6,1150,7,0,0,1
719,0,29,6,6,8,841,2,0,0,0
544,1,5,7,5,15,1675,17,1,0,0
1007,1,29,21,8,12,1301,12,1,0,0
590,1,12,32,6,1,1817,6,1,0,0
1788,0,5,6,6,16,2321,20,1,0,2
748,0,14,25,7,14,1974,13,1,1,1
757,1,9,64,7,5,3433,10,1,0,2
1561,1,16,27,3,10,1205,3,1,0,1
1327,0,28,23,7,16,872,4,1,1,0
797,1,15,18,8,20,2052,14,1,1,1
727,1,25,64,1,9,3654,16,1,0,3
686,1,27,36,4,1,1503,13,0,0,0
1515,1,21,24,5,6,3104,20,0,0,3
555,1,5,17,5,12,343,3,1,1,0
1589,0,6,5,5,2,3430,19,1,1,3
1976,1,26,45,4,19,2470,3,0,0,3
1884,0,10,24,6,4,1396,9,1,1,1
1063,0,20,27,6,7,2668,19,0,0,2
672,1,6,61,5,20,1457,20,0,1,0
635,1,5,16,7,17,2452,8,0,0,2
1906,1,19,55,3,4,1871,4,0,1,1
1753,0,7,40,4,11,1112,15,1,1,1
659,0,14,3,8,6,967,14,0,1,0
1583,0,12,14,2,4,2498,8,0,1,2
1783,0,29,42,6,8,387,3,1,0,1
1667,0,10,21,2,0,635,15,0,0,0
640,0,13,6,8,20,2711,8,1,0,2
1913,1,18,29,5,4,2023,8,1,0,2
538,0,11,25,7,7,2215,17,1,1,1
1191,0,8,46,6,9,824,7,0,0,0
816,0,30,9,1,3,3851,14,0,1,3
915,1,5,33,2,16,2156,13,1,0,1
1157,1,8,27,8,8,2885,2,0,1,3
1201,1,5,10,7,7,495,14,1,1,0
1379,0,11,18,2,16,2358,15,1,0,2
1483,1,22,53,5,11,1744,10,0,0,1
1614,0,12,9,3,2,1832,11,0,0,1
930,1,10,4,8,10,2016,16,1,1,1
1454,0,26,6,3,20,1300,2,0,1,1
1784,0,16,41,6,20,2313,11,1,0,2
1262,0,18,34,5,16,3248,4,1,1,2
797,0,22,37,7,2,2216,6,0,0,1
1829,1,21,59,5,15,3142,5,1,1,3
1139,1,9,58,2,11,1850,8,0,0,1
618,1,10,13,4,15,1424,7,1,0,0
1547,1,29,57,1,3,1620,19,1,1,1
586,0,28,15,3,11,2592,3,0,0,1
1617,1,24,36,1,9,296,7,0,0,0
1882,0,20,44,8,19,3579,20,1,0,3
674,1,29,21,3,4,1180,4,1,1,0
1467,1,5,18,5,0,3962,5,1,1,3
858,0,22,50,1,2,3978,3,1,0,3
794,1,5,2,6,14,668,19,1,0,0
1965,1,26,39,4,3,2032,16,1,1,2
1911,0,9,36,8,3,3057,5,1,0,3
1512,0,9,46,5,5,869,19,1,1,0
510,1,20,45,6,16,3919,2,1,1,3
